
C:\Users\user\AppData\Local\arduino\sketches\7804DCC5EDDF2E4E45F4FA5FF793AEF7/gitjazda.ino.elf:     file format elf32-avr


Disassembly of section .text:

00000000 <__vectors>:
__vectors():
   0:	0c 94 61 00 	jmp	0xc2	; 0xc2 <__ctors_end>
   4:	0c 94 7e 00 	jmp	0xfc	; 0xfc <__bad_interrupt>
   8:	0c 94 7e 00 	jmp	0xfc	; 0xfc <__bad_interrupt>
   c:	0c 94 7e 00 	jmp	0xfc	; 0xfc <__bad_interrupt>
  10:	0c 94 7e 00 	jmp	0xfc	; 0xfc <__bad_interrupt>
  14:	0c 94 7e 00 	jmp	0xfc	; 0xfc <__bad_interrupt>
  18:	0c 94 7e 00 	jmp	0xfc	; 0xfc <__bad_interrupt>
  1c:	0c 94 7e 00 	jmp	0xfc	; 0xfc <__bad_interrupt>
  20:	0c 94 7e 00 	jmp	0xfc	; 0xfc <__bad_interrupt>
  24:	0c 94 7e 00 	jmp	0xfc	; 0xfc <__bad_interrupt>
  28:	0c 94 7e 00 	jmp	0xfc	; 0xfc <__bad_interrupt>
  2c:	0c 94 7e 00 	jmp	0xfc	; 0xfc <__bad_interrupt>
  30:	0c 94 7e 00 	jmp	0xfc	; 0xfc <__bad_interrupt>
  34:	0c 94 7e 00 	jmp	0xfc	; 0xfc <__bad_interrupt>
  38:	0c 94 7e 00 	jmp	0xfc	; 0xfc <__bad_interrupt>
  3c:	0c 94 7e 00 	jmp	0xfc	; 0xfc <__bad_interrupt>
  40:	0c 94 12 02 	jmp	0x424	; 0x424 <__vector_16>
  44:	0c 94 7e 00 	jmp	0xfc	; 0xfc <__bad_interrupt>
  48:	0c 94 7e 00 	jmp	0xfc	; 0xfc <__bad_interrupt>
  4c:	0c 94 7e 00 	jmp	0xfc	; 0xfc <__bad_interrupt>
  50:	0c 94 7e 00 	jmp	0xfc	; 0xfc <__bad_interrupt>
  54:	0c 94 7e 00 	jmp	0xfc	; 0xfc <__bad_interrupt>
  58:	0c 94 7e 00 	jmp	0xfc	; 0xfc <__bad_interrupt>
  5c:	0c 94 7e 00 	jmp	0xfc	; 0xfc <__bad_interrupt>
  60:	0c 94 7e 00 	jmp	0xfc	; 0xfc <__bad_interrupt>
  64:	0c 94 7e 00 	jmp	0xfc	; 0xfc <__bad_interrupt>

00000068 <__trampolines_end>:
__trampolines_start():
  68:	00 00       	nop
  6a:	00 09       	sbc	r16, r0
  6c:	00 03       	mulsu	r16, r16
  6e:	02 00       	.word	0x0002	; ????
  70:	00 04       	cpc	r0, r0
  72:	05 08       	sbc	r0, r5
	...

0000007f <port_to_output_PGM>:
  7f:	00 00 00 00 25 00 28 00 2b 00                       ....%.(.+.

00000089 <port_to_mode_PGM>:
  89:	00 00 00 00 24 00 27 00 2a 00                       ....$.'.*.

00000093 <digital_pin_to_port_PGM>:
  93:	04 04 04 04 04 04 04 04 02 02 02 02 02 02 03 03     ................
  a3:	03 03 03 03 02 02 03                                .......

000000aa <digital_pin_to_bit_mask_PGM>:
  aa:	01 02 04 08 10 20 40 80 01 02 04 08 10 20 01 02     ..... @...... ..
  ba:	04 08 10 20 40 80 40 00                             ... @.@.

000000c2 <__ctors_end>:
__dtors_end():
  c2:	11 24       	eor	r1, r1
  c4:	1f be       	out	0x3f, r1	; 63
  c6:	cf ef       	ldi	r28, 0xFF	; 255
  c8:	d8 e0       	ldi	r29, 0x08	; 8
  ca:	de bf       	out	0x3e, r29	; 62
  cc:	cd bf       	out	0x3d, r28	; 61

000000ce <__do_copy_data>:
__do_copy_data():
/home/jenkins-mingw32/workspace/avr-gcc-staging/label/Ubuntu14.04x64-mingw32/gcc-build/avr/avr5/libgcc/../../../../gcc/libgcc/config/avr/lib1funcs.S:2409
  ce:	11 e0       	ldi	r17, 0x01	; 1
/home/jenkins-mingw32/workspace/avr-gcc-staging/label/Ubuntu14.04x64-mingw32/gcc-build/avr/avr5/libgcc/../../../../gcc/libgcc/config/avr/lib1funcs.S:2410
  d0:	a0 e0       	ldi	r26, 0x00	; 0
/home/jenkins-mingw32/workspace/avr-gcc-staging/label/Ubuntu14.04x64-mingw32/gcc-build/avr/avr5/libgcc/../../../../gcc/libgcc/config/avr/lib1funcs.S:2411
  d2:	b1 e0       	ldi	r27, 0x01	; 1
/home/jenkins-mingw32/workspace/avr-gcc-staging/label/Ubuntu14.04x64-mingw32/gcc-build/avr/avr5/libgcc/../../../../gcc/libgcc/config/avr/lib1funcs.S:2412
  d4:	ee ea       	ldi	r30, 0xAE	; 174
/home/jenkins-mingw32/workspace/avr-gcc-staging/label/Ubuntu14.04x64-mingw32/gcc-build/avr/avr5/libgcc/../../../../gcc/libgcc/config/avr/lib1funcs.S:2413
  d6:	fc e0       	ldi	r31, 0x0C	; 12
/home/jenkins-mingw32/workspace/avr-gcc-staging/label/Ubuntu14.04x64-mingw32/gcc-build/avr/avr5/libgcc/../../../../gcc/libgcc/config/avr/lib1funcs.S:2414
  d8:	02 c0       	rjmp	.+4      	; 0xde <__do_copy_data+0x10>
/home/jenkins-mingw32/workspace/avr-gcc-staging/label/Ubuntu14.04x64-mingw32/gcc-build/avr/avr5/libgcc/../../../../gcc/libgcc/config/avr/lib1funcs.S:2417
  da:	05 90       	lpm	r0, Z+
/home/jenkins-mingw32/workspace/avr-gcc-staging/label/Ubuntu14.04x64-mingw32/gcc-build/avr/avr5/libgcc/../../../../gcc/libgcc/config/avr/lib1funcs.S:2422
  dc:	0d 92       	st	X+, r0
/home/jenkins-mingw32/workspace/avr-gcc-staging/label/Ubuntu14.04x64-mingw32/gcc-build/avr/avr5/libgcc/../../../../gcc/libgcc/config/avr/lib1funcs.S:2424
  de:	a4 31       	cpi	r26, 0x14	; 20
/home/jenkins-mingw32/workspace/avr-gcc-staging/label/Ubuntu14.04x64-mingw32/gcc-build/avr/avr5/libgcc/../../../../gcc/libgcc/config/avr/lib1funcs.S:2425
  e0:	b1 07       	cpc	r27, r17
/home/jenkins-mingw32/workspace/avr-gcc-staging/label/Ubuntu14.04x64-mingw32/gcc-build/avr/avr5/libgcc/../../../../gcc/libgcc/config/avr/lib1funcs.S:2426
  e2:	d9 f7       	brne	.-10     	; 0xda <__do_copy_data+0xc>

000000e4 <__do_clear_bss>:
__do_clear_bss():
/home/jenkins-mingw32/workspace/avr-gcc-staging/label/Ubuntu14.04x64-mingw32/gcc-build/avr/avr5/libgcc/../../../../gcc/libgcc/config/avr/lib1funcs.S:2441
  e4:	21 e0       	ldi	r18, 0x01	; 1
/home/jenkins-mingw32/workspace/avr-gcc-staging/label/Ubuntu14.04x64-mingw32/gcc-build/avr/avr5/libgcc/../../../../gcc/libgcc/config/avr/lib1funcs.S:2442
  e6:	a4 e1       	ldi	r26, 0x14	; 20
/home/jenkins-mingw32/workspace/avr-gcc-staging/label/Ubuntu14.04x64-mingw32/gcc-build/avr/avr5/libgcc/../../../../gcc/libgcc/config/avr/lib1funcs.S:2443
  e8:	b1 e0       	ldi	r27, 0x01	; 1
/home/jenkins-mingw32/workspace/avr-gcc-staging/label/Ubuntu14.04x64-mingw32/gcc-build/avr/avr5/libgcc/../../../../gcc/libgcc/config/avr/lib1funcs.S:2444
  ea:	01 c0       	rjmp	.+2      	; 0xee <.do_clear_bss_start>

000000ec <.do_clear_bss_loop>:
/home/jenkins-mingw32/workspace/avr-gcc-staging/label/Ubuntu14.04x64-mingw32/gcc-build/avr/avr5/libgcc/../../../../gcc/libgcc/config/avr/lib1funcs.S:2446
  ec:	1d 92       	st	X+, r1

000000ee <.do_clear_bss_start>:
/home/jenkins-mingw32/workspace/avr-gcc-staging/label/Ubuntu14.04x64-mingw32/gcc-build/avr/avr5/libgcc/../../../../gcc/libgcc/config/avr/lib1funcs.S:2448
  ee:	ac 32       	cpi	r26, 0x2C	; 44
/home/jenkins-mingw32/workspace/avr-gcc-staging/label/Ubuntu14.04x64-mingw32/gcc-build/avr/avr5/libgcc/../../../../gcc/libgcc/config/avr/lib1funcs.S:2449
  f0:	b2 07       	cpc	r27, r18
/home/jenkins-mingw32/workspace/avr-gcc-staging/label/Ubuntu14.04x64-mingw32/gcc-build/avr/avr5/libgcc/../../../../gcc/libgcc/config/avr/lib1funcs.S:2450
  f2:	e1 f7       	brne	.-8      	; 0xec <.do_clear_bss_loop>
.do_clear_bss_start():
  f4:	0e 94 5c 02 	call	0x4b8	; 0x4b8 <main>
  f8:	0c 94 55 06 	jmp	0xcaa	; 0xcaa <_exit>

000000fc <__bad_interrupt>:
__vector_22():
  fc:	0c 94 00 00 	jmp	0	; 0x0 <__vectors>

00000100 <pinMode.constprop.0>:
pinMode.constprop.0():
C:\Users\user\AppData\Local\Arduino15\packages\MiniCore\hardware\avr\3.1.2\cores\MCUdude_corefiles/wiring_digital.c:31
#include "wiring_private.h"
#include "pins_arduino.h"

void pinMode(uint8_t pin, uint8_t mode)
{
  uint8_t bit = digitalPinToBitMask(pin);
 100:	90 e0       	ldi	r25, 0x00	; 0
 102:	fc 01       	movw	r30, r24
 104:	e6 55       	subi	r30, 0x56	; 86
 106:	ff 4f       	sbci	r31, 0xFF	; 255
 108:	24 91       	lpm	r18, Z
C:\Users\user\AppData\Local\Arduino15\packages\MiniCore\hardware\avr\3.1.2\cores\MCUdude_corefiles/wiring_digital.c:32
  uint8_t port = digitalPinToPort(pin);
 10a:	8d 56       	subi	r24, 0x6D	; 109
 10c:	9f 4f       	sbci	r25, 0xFF	; 255
 10e:	fc 01       	movw	r30, r24
 110:	84 91       	lpm	r24, Z
C:\Users\user\AppData\Local\Arduino15\packages\MiniCore\hardware\avr\3.1.2\cores\MCUdude_corefiles/wiring_digital.c:35
  volatile uint8_t *reg, *out;

  if (port == NOT_A_PIN) return;
 112:	88 23       	and	r24, r24
 114:	99 f0       	breq	.+38     	; 0x13c <pinMode.constprop.0+0x3c>
C:\Users\user\AppData\Local\Arduino15\packages\MiniCore\hardware\avr\3.1.2\cores\MCUdude_corefiles/wiring_digital.c:38

  // JWS: can I let the optimizer do this?
  reg = portModeRegister(port);
 116:	90 e0       	ldi	r25, 0x00	; 0
 118:	88 0f       	add	r24, r24
 11a:	99 1f       	adc	r25, r25
 11c:	fc 01       	movw	r30, r24
 11e:	e7 57       	subi	r30, 0x77	; 119
 120:	ff 4f       	sbci	r31, 0xFF	; 255
 122:	a5 91       	lpm	r26, Z+
 124:	b4 91       	lpm	r27, Z
C:\Users\user\AppData\Local\Arduino15\packages\MiniCore\hardware\avr\3.1.2\cores\MCUdude_corefiles/wiring_digital.c:39
  out = portOutputRegister(port);
 126:	fc 01       	movw	r30, r24
 128:	e1 58       	subi	r30, 0x81	; 129
 12a:	ff 4f       	sbci	r31, 0xFF	; 255
 12c:	85 91       	lpm	r24, Z+
 12e:	94 91       	lpm	r25, Z
C:\Users\user\AppData\Local\Arduino15\packages\MiniCore\hardware\avr\3.1.2\cores\MCUdude_corefiles/wiring_digital.c:54
    cli();
    *reg &= ~bit;
    *out |= bit;
    SREG = oldSREG;
  } else {
    uint8_t oldSREG = SREG;
 130:	8f b7       	in	r24, 0x3f	; 63
C:\Users\user\AppData\Local\Arduino15\packages\MiniCore\hardware\avr\3.1.2\cores\MCUdude_corefiles/wiring_digital.c:55
    cli();
 132:	f8 94       	cli
C:\Users\user\AppData\Local\Arduino15\packages\MiniCore\hardware\avr\3.1.2\cores\MCUdude_corefiles/wiring_digital.c:56
    *reg |= bit;
 134:	ec 91       	ld	r30, X
 136:	e2 2b       	or	r30, r18
 138:	ec 93       	st	X, r30
C:\Users\user\AppData\Local\Arduino15\packages\MiniCore\hardware\avr\3.1.2\cores\MCUdude_corefiles/wiring_digital.c:57
    SREG = oldSREG;
 13a:	8f bf       	out	0x3f, r24	; 63
C:\Users\user\AppData\Local\Arduino15\packages\MiniCore\hardware\avr\3.1.2\cores\MCUdude_corefiles/wiring_digital.c:59
  }
}
 13c:	08 95       	ret

0000013e <digitalWrite>:
digitalWrite():
C:\Users\user\AppData\Local\Arduino15\packages\MiniCore\hardware\avr\3.1.2\cores\MCUdude_corefiles/wiring_digital.c:189
  }
}

void digitalWrite(uint8_t pin, uint8_t val)
{
  uint8_t timer = digitalPinToTimer(pin);
 13e:	90 e0       	ldi	r25, 0x00	; 0
 140:	fc 01       	movw	r30, r24
 142:	e8 59       	subi	r30, 0x98	; 152
 144:	ff 4f       	sbci	r31, 0xFF	; 255
 146:	24 91       	lpm	r18, Z
C:\Users\user\AppData\Local\Arduino15\packages\MiniCore\hardware\avr\3.1.2\cores\MCUdude_corefiles/wiring_digital.c:190
  uint8_t bit = digitalPinToBitMask(pin);
 148:	fc 01       	movw	r30, r24
 14a:	e6 55       	subi	r30, 0x56	; 86
 14c:	ff 4f       	sbci	r31, 0xFF	; 255
 14e:	34 91       	lpm	r19, Z
C:\Users\user\AppData\Local\Arduino15\packages\MiniCore\hardware\avr\3.1.2\cores\MCUdude_corefiles/wiring_digital.c:191
  uint8_t port = digitalPinToPort(pin);
 150:	fc 01       	movw	r30, r24
 152:	ed 56       	subi	r30, 0x6D	; 109
 154:	ff 4f       	sbci	r31, 0xFF	; 255
 156:	e4 91       	lpm	r30, Z
C:\Users\user\AppData\Local\Arduino15\packages\MiniCore\hardware\avr\3.1.2\cores\MCUdude_corefiles/wiring_digital.c:194
  volatile uint8_t *out;

  if (port == NOT_A_PIN) return;
 158:	ee 23       	and	r30, r30
 15a:	c9 f0       	breq	.+50     	; 0x18e <digitalWrite+0x50>
C:\Users\user\AppData\Local\Arduino15\packages\MiniCore\hardware\avr\3.1.2\cores\MCUdude_corefiles/wiring_digital.c:198

  // If the pin that support PWM output, we need to turn it off
  // before doing a digital write.
  if (timer != NOT_ON_TIMER) turnOffPWM(timer);
 15c:	22 23       	and	r18, r18
 15e:	39 f0       	breq	.+14     	; 0x16e <digitalWrite+0x30>
turnOffPWM():
C:\Users\user\AppData\Local\Arduino15\packages\MiniCore\hardware\avr\3.1.2\cores\MCUdude_corefiles/wiring_digital.c:77
//
//static inline void turnOffPWM(uint8_t timer) __attribute__ ((always_inline));
//static inline void turnOffPWM(uint8_t timer)
static void turnOffPWM(uint8_t timer)
{
  switch (timer)
 160:	24 30       	cpi	r18, 0x04	; 4
 162:	01 f1       	breq	.+64     	; 0x1a4 <digitalWrite+0x66>
 164:	a8 f4       	brcc	.+42     	; 0x190 <digitalWrite+0x52>
 166:	22 30       	cpi	r18, 0x02	; 2
 168:	69 f1       	breq	.+90     	; 0x1c4 <digitalWrite+0x86>
 16a:	23 30       	cpi	r18, 0x03	; 3
 16c:	79 f1       	breq	.+94     	; 0x1cc <digitalWrite+0x8e>
digitalWrite():
C:\Users\user\AppData\Local\Arduino15\packages\MiniCore\hardware\avr\3.1.2\cores\MCUdude_corefiles/wiring_digital.c:200

  // If the pin that support PWM output, we need to turn it off
  // before doing a digital write.
  if (timer != NOT_ON_TIMER) turnOffPWM(timer);

  out = portOutputRegister(port);
 16e:	f0 e0       	ldi	r31, 0x00	; 0
 170:	ee 0f       	add	r30, r30
 172:	ff 1f       	adc	r31, r31
 174:	e1 58       	subi	r30, 0x81	; 129
 176:	ff 4f       	sbci	r31, 0xFF	; 255
 178:	a5 91       	lpm	r26, Z+
 17a:	b4 91       	lpm	r27, Z
C:\Users\user\AppData\Local\Arduino15\packages\MiniCore\hardware\avr\3.1.2\cores\MCUdude_corefiles/wiring_digital.c:202

  uint8_t oldSREG = SREG;
 17c:	8f b7       	in	r24, 0x3f	; 63
C:\Users\user\AppData\Local\Arduino15\packages\MiniCore\hardware\avr\3.1.2\cores\MCUdude_corefiles/wiring_digital.c:203
  cli();
 17e:	f8 94       	cli
C:\Users\user\AppData\Local\Arduino15\packages\MiniCore\hardware\avr\3.1.2\cores\MCUdude_corefiles/wiring_digital.c:206

  if (val == LOW) {
    *out &= ~bit;
 180:	ec 91       	ld	r30, X
C:\Users\user\AppData\Local\Arduino15\packages\MiniCore\hardware\avr\3.1.2\cores\MCUdude_corefiles/wiring_digital.c:205
  out = portOutputRegister(port);

  uint8_t oldSREG = SREG;
  cli();

  if (val == LOW) {
 182:	61 11       	cpse	r22, r1
 184:	26 c0       	rjmp	.+76     	; 0x1d2 <digitalWrite+0x94>
C:\Users\user\AppData\Local\Arduino15\packages\MiniCore\hardware\avr\3.1.2\cores\MCUdude_corefiles/wiring_digital.c:206
    *out &= ~bit;
 186:	30 95       	com	r19
 188:	3e 23       	and	r19, r30
C:\Users\user\AppData\Local\Arduino15\packages\MiniCore\hardware\avr\3.1.2\cores\MCUdude_corefiles/wiring_digital.c:208
  } else {
    *out |= bit;
 18a:	3c 93       	st	X, r19
C:\Users\user\AppData\Local\Arduino15\packages\MiniCore\hardware\avr\3.1.2\cores\MCUdude_corefiles/wiring_digital.c:211
  }

  SREG = oldSREG;
 18c:	8f bf       	out	0x3f, r24	; 63
C:\Users\user\AppData\Local\Arduino15\packages\MiniCore\hardware\avr\3.1.2\cores\MCUdude_corefiles/wiring_digital.c:212
}
 18e:	08 95       	ret
turnOffPWM():
C:\Users\user\AppData\Local\Arduino15\packages\MiniCore\hardware\avr\3.1.2\cores\MCUdude_corefiles/wiring_digital.c:77
//
//static inline void turnOffPWM(uint8_t timer) __attribute__ ((always_inline));
//static inline void turnOffPWM(uint8_t timer)
static void turnOffPWM(uint8_t timer)
{
  switch (timer)
 190:	28 30       	cpi	r18, 0x08	; 8
 192:	71 f0       	breq	.+28     	; 0x1b0 <digitalWrite+0x72>
 194:	29 30       	cpi	r18, 0x09	; 9
 196:	91 f0       	breq	.+36     	; 0x1bc <digitalWrite+0x7e>
 198:	25 30       	cpi	r18, 0x05	; 5
 19a:	49 f7       	brne	.-46     	; 0x16e <digitalWrite+0x30>
C:\Users\user\AppData\Local\Arduino15\packages\MiniCore\hardware\avr\3.1.2\cores\MCUdude_corefiles/wiring_digital.c:87
        TCCR1A &= ~_BV(COM1A1);
        break;
    #endif
    #if defined(TCCR1A) && defined(COM1B1)
      case TIMER1B:
        TCCR1A &= ~_BV(COM1B1);
 19c:	80 91 80 00 	lds	r24, 0x0080	; 0x800080 <__DATA_REGION_ORIGIN__+0x20>
 1a0:	8f 7d       	andi	r24, 0xDF	; 223
 1a2:	03 c0       	rjmp	.+6      	; 0x1aa <digitalWrite+0x6c>
C:\Users\user\AppData\Local\Arduino15\packages\MiniCore\hardware\avr\3.1.2\cores\MCUdude_corefiles/wiring_digital.c:82
  switch (timer)
  {
    // Timer1
    #if defined(TCCR1A) && defined(COM1A1)
      case TIMER1A:
        TCCR1A &= ~_BV(COM1A1);
 1a4:	80 91 80 00 	lds	r24, 0x0080	; 0x800080 <__DATA_REGION_ORIGIN__+0x20>
 1a8:	8f 77       	andi	r24, 0x7F	; 127
C:\Users\user\AppData\Local\Arduino15\packages\MiniCore\hardware\avr\3.1.2\cores\MCUdude_corefiles/wiring_digital.c:87
        break;
    #endif
    #if defined(TCCR1A) && defined(COM1B1)
      case TIMER1B:
        TCCR1A &= ~_BV(COM1B1);
 1aa:	80 93 80 00 	sts	0x0080, r24	; 0x800080 <__DATA_REGION_ORIGIN__+0x20>
 1ae:	df cf       	rjmp	.-66     	; 0x16e <digitalWrite+0x30>
C:\Users\user\AppData\Local\Arduino15\packages\MiniCore\hardware\avr\3.1.2\cores\MCUdude_corefiles/wiring_digital.c:104
        TCCR2 &= ~_BV(COM21);
        break;
    #endif
    #if defined(TCCR2A) && defined(COM2A1)
      case TIMER2A:
        TCCR2A &= ~_BV(COM2A1);
 1b0:	80 91 b0 00 	lds	r24, 0x00B0	; 0x8000b0 <__DATA_REGION_ORIGIN__+0x50>
 1b4:	8f 77       	andi	r24, 0x7F	; 127
C:\Users\user\AppData\Local\Arduino15\packages\MiniCore\hardware\avr\3.1.2\cores\MCUdude_corefiles/wiring_digital.c:109
        break;
    #endif
    #if defined(TCCR2A) && defined(COM2B1)
      case TIMER2B:
        TCCR2A &= ~_BV(COM2B1);
 1b6:	80 93 b0 00 	sts	0x00B0, r24	; 0x8000b0 <__DATA_REGION_ORIGIN__+0x50>
 1ba:	d9 cf       	rjmp	.-78     	; 0x16e <digitalWrite+0x30>
 1bc:	80 91 b0 00 	lds	r24, 0x00B0	; 0x8000b0 <__DATA_REGION_ORIGIN__+0x50>
 1c0:	8f 7d       	andi	r24, 0xDF	; 223
 1c2:	f9 cf       	rjmp	.-14     	; 0x1b6 <digitalWrite+0x78>
C:\Users\user\AppData\Local\Arduino15\packages\MiniCore\hardware\avr\3.1.2\cores\MCUdude_corefiles/wiring_digital.c:176
        TCCR0 &= ~_BV(COM01);
        break;
    #endif
    #if defined(TCCR0A) && defined(COM0A1)
      case TIMER0A:
        TCCR0A &= ~_BV(COM0A1);
 1c4:	84 b5       	in	r24, 0x24	; 36
 1c6:	8f 77       	andi	r24, 0x7F	; 127
C:\Users\user\AppData\Local\Arduino15\packages\MiniCore\hardware\avr\3.1.2\cores\MCUdude_corefiles/wiring_digital.c:181
        break;
    #endif
    #if defined(TCCR0A) && defined(COM0B1)
      case TIMER0B:
        TCCR0A &= ~_BV(COM0B1);
 1c8:	84 bd       	out	0x24, r24	; 36
 1ca:	d1 cf       	rjmp	.-94     	; 0x16e <digitalWrite+0x30>
 1cc:	84 b5       	in	r24, 0x24	; 36
 1ce:	8f 7d       	andi	r24, 0xDF	; 223
 1d0:	fb cf       	rjmp	.-10     	; 0x1c8 <digitalWrite+0x8a>
digitalWrite():
C:\Users\user\AppData\Local\Arduino15\packages\MiniCore\hardware\avr\3.1.2\cores\MCUdude_corefiles/wiring_digital.c:208
  cli();

  if (val == LOW) {
    *out &= ~bit;
  } else {
    *out |= bit;
 1d2:	3e 2b       	or	r19, r30
 1d4:	da cf       	rjmp	.-76     	; 0x18a <digitalWrite+0x4c>

000001d6 <analogWrite>:
analogWrite():
C:\Users\user\AppData\Local\Arduino15\packages\MiniCore\hardware\avr\3.1.2\cores\MCUdude_corefiles/wiring_analog.c:95
// Right now, PWM output only works on the pins with
// hardware support.  These are defined in the appropriate
// pins_*.c file.  For the rest of the pins, we default
// to digital output.
void analogWrite(uint8_t pin, int val)
{
 1d6:	1f 93       	push	r17
 1d8:	cf 93       	push	r28
 1da:	df 93       	push	r29
 1dc:	18 2f       	mov	r17, r24
 1de:	eb 01       	movw	r28, r22
C:\Users\user\AppData\Local\Arduino15\packages\MiniCore\hardware\avr\3.1.2\cores\MCUdude_corefiles/wiring_analog.c:101
  // We need to make sure the PWM output is enabled for those pins
  // that support it, as we turn it off when digitally reading or
  // writing with them.  Also, make sure the pin is in output mode
  // for consistenty with Wiring, which doesn't require a pinMode
  // call for the analog output pins.
  pinMode(pin, OUTPUT);
 1e0:	0e 94 80 00 	call	0x100	; 0x100 <pinMode.constprop.0>
C:\Users\user\AppData\Local\Arduino15\packages\MiniCore\hardware\avr\3.1.2\cores\MCUdude_corefiles/wiring_analog.c:102
  if (val == 0)
 1e4:	20 97       	sbiw	r28, 0x00	; 0
 1e6:	39 f4       	brne	.+14     	; 0x1f6 <analogWrite+0x20>
C:\Users\user\AppData\Local\Arduino15\packages\MiniCore\hardware\avr\3.1.2\cores\MCUdude_corefiles/wiring_analog.c:104
  {
    digitalWrite(pin, LOW);
 1e8:	60 e0       	ldi	r22, 0x00	; 0
C:\Users\user\AppData\Local\Arduino15\packages\MiniCore\hardware\avr\3.1.2\cores\MCUdude_corefiles/wiring_analog.c:108
  }
  else if (val == 255)
  {
    digitalWrite(pin, HIGH);
 1ea:	81 2f       	mov	r24, r17
C:\Users\user\AppData\Local\Arduino15\packages\MiniCore\hardware\avr\3.1.2\cores\MCUdude_corefiles/wiring_analog.c:299
        } else {
          digitalWrite(pin, HIGH);
        }
    }
  }
}
 1ec:	df 91       	pop	r29
 1ee:	cf 91       	pop	r28
 1f0:	1f 91       	pop	r17
C:\Users\user\AppData\Local\Arduino15\packages\MiniCore\hardware\avr\3.1.2\cores\MCUdude_corefiles/wiring_analog.c:108
  {
    digitalWrite(pin, LOW);
  }
  else if (val == 255)
  {
    digitalWrite(pin, HIGH);
 1f2:	0c 94 9f 00 	jmp	0x13e	; 0x13e <digitalWrite>
C:\Users\user\AppData\Local\Arduino15\packages\MiniCore\hardware\avr\3.1.2\cores\MCUdude_corefiles/wiring_analog.c:106
  pinMode(pin, OUTPUT);
  if (val == 0)
  {
    digitalWrite(pin, LOW);
  }
  else if (val == 255)
 1f6:	cf 3f       	cpi	r28, 0xFF	; 255
 1f8:	d1 05       	cpc	r29, r1
 1fa:	11 f4       	brne	.+4      	; 0x200 <analogWrite+0x2a>
C:\Users\user\AppData\Local\Arduino15\packages\MiniCore\hardware\avr\3.1.2\cores\MCUdude_corefiles/wiring_analog.c:108
  {
    digitalWrite(pin, HIGH);
 1fc:	61 e0       	ldi	r22, 0x01	; 1
 1fe:	f5 cf       	rjmp	.-22     	; 0x1ea <analogWrite+0x14>
C:\Users\user\AppData\Local\Arduino15\packages\MiniCore\hardware\avr\3.1.2\cores\MCUdude_corefiles/wiring_analog.c:112
  }
  else
  {
    switch(digitalPinToTimer(pin))
 200:	e1 2f       	mov	r30, r17
 202:	f0 e0       	ldi	r31, 0x00	; 0
 204:	e8 59       	subi	r30, 0x98	; 152
 206:	ff 4f       	sbci	r31, 0xFF	; 255
 208:	e4 91       	lpm	r30, Z
 20a:	e4 30       	cpi	r30, 0x04	; 4
 20c:	31 f1       	breq	.+76     	; 0x25a <analogWrite+0x84>
 20e:	40 f4       	brcc	.+16     	; 0x220 <analogWrite+0x4a>
 210:	e2 30       	cpi	r30, 0x02	; 2
 212:	b1 f0       	breq	.+44     	; 0x240 <analogWrite+0x6a>
 214:	e3 30       	cpi	r30, 0x03	; 3
 216:	e1 f0       	breq	.+56     	; 0x250 <analogWrite+0x7a>
C:\Users\user\AppData\Local\Arduino15\packages\MiniCore\hardware\avr\3.1.2\cores\MCUdude_corefiles/wiring_analog.c:292
        break;
      #endif

      case NOT_ON_TIMER:
      default:
        if (val < 128) {
 218:	c0 38       	cpi	r28, 0x80	; 128
 21a:	d1 05       	cpc	r29, r1
 21c:	7c f7       	brge	.-34     	; 0x1fc <analogWrite+0x26>
 21e:	e4 cf       	rjmp	.-56     	; 0x1e8 <analogWrite+0x12>
C:\Users\user\AppData\Local\Arduino15\packages\MiniCore\hardware\avr\3.1.2\cores\MCUdude_corefiles/wiring_analog.c:112
  {
    digitalWrite(pin, HIGH);
  }
  else
  {
    switch(digitalPinToTimer(pin))
 220:	e8 30       	cpi	r30, 0x08	; 8
 222:	29 f1       	breq	.+74     	; 0x26e <analogWrite+0x98>
 224:	e9 30       	cpi	r30, 0x09	; 9
 226:	59 f1       	breq	.+86     	; 0x27e <analogWrite+0xa8>
 228:	e5 30       	cpi	r30, 0x05	; 5
 22a:	b1 f7       	brne	.-20     	; 0x218 <analogWrite+0x42>
C:\Users\user\AppData\Local\Arduino15\packages\MiniCore\hardware\avr\3.1.2\cores\MCUdude_corefiles/wiring_analog.c:156
      #endif

      #if defined(TCCR1A) && defined(COM1B1)
      case TIMER1B:
        // connect pwm to pin on timer 1, channel B
        TCCR1A |= _BV(COM1B1);
 22c:	80 91 80 00 	lds	r24, 0x0080	; 0x800080 <__DATA_REGION_ORIGIN__+0x20>
 230:	80 62       	ori	r24, 0x20	; 32
 232:	80 93 80 00 	sts	0x0080, r24	; 0x800080 <__DATA_REGION_ORIGIN__+0x20>
C:\Users\user\AppData\Local\Arduino15\packages\MiniCore\hardware\avr\3.1.2\cores\MCUdude_corefiles/wiring_analog.c:157
        OCR1B = val; // set pwm duty
 236:	d0 93 8b 00 	sts	0x008B, r29	; 0x80008b <__DATA_REGION_ORIGIN__+0x2b>
 23a:	c0 93 8a 00 	sts	0x008A, r28	; 0x80008a <__DATA_REGION_ORIGIN__+0x2a>
 23e:	04 c0       	rjmp	.+8      	; 0x248 <analogWrite+0x72>
C:\Users\user\AppData\Local\Arduino15\packages\MiniCore\hardware\avr\3.1.2\cores\MCUdude_corefiles/wiring_analog.c:132
      #endif

      #if defined(TCCR0A) && defined(COM0A1)
      case TIMER0A:
        // connect pwm to pin on timer 0, channel A
        TCCR0A |= _BV(COM0A1);
 240:	84 b5       	in	r24, 0x24	; 36
 242:	80 68       	ori	r24, 0x80	; 128
 244:	84 bd       	out	0x24, r24	; 36
C:\Users\user\AppData\Local\Arduino15\packages\MiniCore\hardware\avr\3.1.2\cores\MCUdude_corefiles/wiring_analog.c:133
        OCR0A = val; // set pwm duty
 246:	c7 bd       	out	0x27, r28	; 39
C:\Users\user\AppData\Local\Arduino15\packages\MiniCore\hardware\avr\3.1.2\cores\MCUdude_corefiles/wiring_analog.c:299
        } else {
          digitalWrite(pin, HIGH);
        }
    }
  }
}
 248:	df 91       	pop	r29
 24a:	cf 91       	pop	r28
 24c:	1f 91       	pop	r17
 24e:	08 95       	ret
C:\Users\user\AppData\Local\Arduino15\packages\MiniCore\hardware\avr\3.1.2\cores\MCUdude_corefiles/wiring_analog.c:140
      #endif

      #if defined(TCCR0A) && defined(COM0B1)
      case TIMER0B:
        // connect pwm to pin on timer 0, channel B
        TCCR0A |= _BV(COM0B1);
 250:	84 b5       	in	r24, 0x24	; 36
 252:	80 62       	ori	r24, 0x20	; 32
 254:	84 bd       	out	0x24, r24	; 36
C:\Users\user\AppData\Local\Arduino15\packages\MiniCore\hardware\avr\3.1.2\cores\MCUdude_corefiles/wiring_analog.c:141
        OCR0B = val; // set pwm duty
 256:	c8 bd       	out	0x28, r28	; 40
 258:	f7 cf       	rjmp	.-18     	; 0x248 <analogWrite+0x72>
C:\Users\user\AppData\Local\Arduino15\packages\MiniCore\hardware\avr\3.1.2\cores\MCUdude_corefiles/wiring_analog.c:148
      #endif

      #if defined(TCCR1A) && defined(COM1A1)
      case TIMER1A:
        // connect pwm to pin on timer 1, channel A
        TCCR1A |= _BV(COM1A1);
 25a:	80 91 80 00 	lds	r24, 0x0080	; 0x800080 <__DATA_REGION_ORIGIN__+0x20>
 25e:	80 68       	ori	r24, 0x80	; 128
 260:	80 93 80 00 	sts	0x0080, r24	; 0x800080 <__DATA_REGION_ORIGIN__+0x20>
C:\Users\user\AppData\Local\Arduino15\packages\MiniCore\hardware\avr\3.1.2\cores\MCUdude_corefiles/wiring_analog.c:149
        OCR1A = val; // set pwm duty
 264:	d0 93 89 00 	sts	0x0089, r29	; 0x800089 <__DATA_REGION_ORIGIN__+0x29>
 268:	c0 93 88 00 	sts	0x0088, r28	; 0x800088 <__DATA_REGION_ORIGIN__+0x28>
 26c:	ed cf       	rjmp	.-38     	; 0x248 <analogWrite+0x72>
C:\Users\user\AppData\Local\Arduino15\packages\MiniCore\hardware\avr\3.1.2\cores\MCUdude_corefiles/wiring_analog.c:180
      #endif

      #if defined(TCCR2A) && defined(COM2A1)
      case TIMER2A:
        // connect pwm to pin on timer 2, channel A
        TCCR2A |= _BV(COM2A1);
 26e:	80 91 b0 00 	lds	r24, 0x00B0	; 0x8000b0 <__DATA_REGION_ORIGIN__+0x50>
 272:	80 68       	ori	r24, 0x80	; 128
 274:	80 93 b0 00 	sts	0x00B0, r24	; 0x8000b0 <__DATA_REGION_ORIGIN__+0x50>
C:\Users\user\AppData\Local\Arduino15\packages\MiniCore\hardware\avr\3.1.2\cores\MCUdude_corefiles/wiring_analog.c:181
        OCR2A = val; // set pwm duty
 278:	c0 93 b3 00 	sts	0x00B3, r28	; 0x8000b3 <__DATA_REGION_ORIGIN__+0x53>
 27c:	e5 cf       	rjmp	.-54     	; 0x248 <analogWrite+0x72>
C:\Users\user\AppData\Local\Arduino15\packages\MiniCore\hardware\avr\3.1.2\cores\MCUdude_corefiles/wiring_analog.c:188
      #endif

      #if defined(TCCR2A) && defined(COM2B1)
      case TIMER2B:
        // connect pwm to pin on timer 2, channel B
        TCCR2A |= _BV(COM2B1);
 27e:	80 91 b0 00 	lds	r24, 0x00B0	; 0x8000b0 <__DATA_REGION_ORIGIN__+0x50>
 282:	80 62       	ori	r24, 0x20	; 32
 284:	80 93 b0 00 	sts	0x00B0, r24	; 0x8000b0 <__DATA_REGION_ORIGIN__+0x50>
C:\Users\user\AppData\Local\Arduino15\packages\MiniCore\hardware\avr\3.1.2\cores\MCUdude_corefiles/wiring_analog.c:189
        OCR2B = val; // set pwm duty
 288:	c0 93 b4 00 	sts	0x00B4, r28	; 0x8000b4 <__DATA_REGION_ORIGIN__+0x54>
 28c:	dd cf       	rjmp	.-70     	; 0x248 <analogWrite+0x72>

0000028e <analogRead>:
analogRead():
C:\Users\user\AppData\Local\Arduino15\packages\MiniCore\hardware\avr\3.1.2\cores\MCUdude_corefiles/wiring_analog.c:49
int analogRead(uint8_t pin)
{

// Macro located in the pins_arduino.h file
#ifdef analogPinToChannel
  pin = analogPinToChannel(pin);
 28e:	88 30       	cpi	r24, 0x08	; 8
 290:	20 f0       	brcs	.+8      	; 0x29a <analogRead+0xc>
 292:	8d 30       	cpi	r24, 0x0D	; 13
 294:	08 f4       	brcc	.+2      	; 0x298 <analogRead+0xa>
 296:	8d e0       	ldi	r24, 0x0D	; 13
 298:	8e 50       	subi	r24, 0x0E	; 14
C:\Users\user\AppData\Local\Arduino15\packages\MiniCore\hardware\avr\3.1.2\cores\MCUdude_corefiles/wiring_analog.c:68
  
  // set the analog reference (high two bits of ADMUX) and select the
  // channel (low 4 bits).  this also sets ADLAR (left-adjust result)
  // to 0 (the default).
#if defined(ADMUX)
  ADMUX = (analog_reference << 6) | (pin & 0x07);
 29a:	87 70       	andi	r24, 0x07	; 7
 29c:	80 64       	ori	r24, 0x40	; 64
 29e:	80 93 7c 00 	sts	0x007C, r24	; 0x80007c <__DATA_REGION_ORIGIN__+0x1c>
C:\Users\user\AppData\Local\Arduino15\packages\MiniCore\hardware\avr\3.1.2\cores\MCUdude_corefiles/wiring_analog.c:76
  // without a delay, we seem to read from the wrong channel
  //delay(1);

#if defined(ADCSRA) && defined(ADC)
  // start the conversion
  ADCSRA |= _BV(ADSC);
 2a2:	80 91 7a 00 	lds	r24, 0x007A	; 0x80007a <__DATA_REGION_ORIGIN__+0x1a>
 2a6:	80 64       	ori	r24, 0x40	; 64
 2a8:	80 93 7a 00 	sts	0x007A, r24	; 0x80007a <__DATA_REGION_ORIGIN__+0x1a>
C:\Users\user\AppData\Local\Arduino15\packages\MiniCore\hardware\avr\3.1.2\cores\MCUdude_corefiles/wiring_analog.c:79

  // ADSC is cleared when the conversion finishes
  while (ADCSRA & _BV(ADSC)) {};
 2ac:	80 91 7a 00 	lds	r24, 0x007A	; 0x80007a <__DATA_REGION_ORIGIN__+0x1a>
 2b0:	86 fd       	sbrc	r24, 6
 2b2:	fc cf       	rjmp	.-8      	; 0x2ac <analogRead+0x1e>
C:\Users\user\AppData\Local\Arduino15\packages\MiniCore\hardware\avr\3.1.2\cores\MCUdude_corefiles/wiring_analog.c:83

  // ADC macro takes care of reading ADC register.
 	// avr-gcc implements the proper reading order: ADCL is read first.
 	return ADC;
 2b4:	80 91 78 00 	lds	r24, 0x0078	; 0x800078 <__DATA_REGION_ORIGIN__+0x18>
 2b8:	90 91 79 00 	lds	r25, 0x0079	; 0x800079 <__DATA_REGION_ORIGIN__+0x19>
C:\Users\user\AppData\Local\Arduino15\packages\MiniCore\hardware\avr\3.1.2\cores\MCUdude_corefiles/wiring_analog.c:87
#else
  return 0;
#endif
}
 2bc:	08 95       	ret

000002be <micros>:
micros():
C:\Users\user\AppData\Local\Arduino15\packages\MiniCore\hardware\avr\3.1.2\cores\MCUdude_corefiles/wiring.c:237
  unsigned char f; // temporary storage for millis fraction counter
  unsigned char q = 0; // record whether an overflow is flagged
#endif
  // t will be the number where the timer0 counter stopped
  uint8_t t;
  uint8_t oldSREG = SREG;
 2be:	3f b7       	in	r19, 0x3f	; 63
C:\Users\user\AppData\Local\Arduino15\packages\MiniCore\hardware\avr\3.1.2\cores\MCUdude_corefiles/wiring.c:240

  // Stop all interrupts
  cli();
 2c0:	f8 94       	cli
C:\Users\user\AppData\Local\Arduino15\packages\MiniCore\hardware\avr\3.1.2\cores\MCUdude_corefiles/wiring.c:247
#ifdef CORRECT_EXACT_MICROS
  // combine exact millisec and 8usec counters
  m = timer0_millis;
  f = timer0_fract;
#else
  m = timer0_overflow_count;
 2c2:	80 91 28 01 	lds	r24, 0x0128	; 0x800128 <timer0_overflow_count>
 2c6:	90 91 29 01 	lds	r25, 0x0129	; 0x800129 <timer0_overflow_count+0x1>
 2ca:	a0 91 2a 01 	lds	r26, 0x012A	; 0x80012a <timer0_overflow_count+0x2>
 2ce:	b0 91 2b 01 	lds	r27, 0x012B	; 0x80012b <timer0_overflow_count+0x3>
C:\Users\user\AppData\Local\Arduino15\packages\MiniCore\hardware\avr\3.1.2\cores\MCUdude_corefiles/wiring.c:252
#endif

  // TCNT0 : The Timer Counter Register
#if defined(TCNT0)
  t = TCNT0;
 2d2:	26 b5       	in	r18, 0x26	; 38
C:\Users\user\AppData\Local\Arduino15\packages\MiniCore\hardware\avr\3.1.2\cores\MCUdude_corefiles/wiring.c:261
  #error TIMER 0 not defined
#endif

  // Timer0 Interrupt Flag Register
#ifdef TIFR0
  if ((TIFR0 & _BV(TOV0)) && (t < 255))
 2d4:	a8 9b       	sbis	0x15, 0	; 21
 2d6:	05 c0       	rjmp	.+10     	; 0x2e2 <micros+0x24>
 2d8:	2f 3f       	cpi	r18, 0xFF	; 255
 2da:	19 f0       	breq	.+6      	; 0x2e2 <micros+0x24>
C:\Users\user\AppData\Local\Arduino15\packages\MiniCore\hardware\avr\3.1.2\cores\MCUdude_corefiles/wiring.c:263
#ifndef CORRECT_EXACT_MICROS
    m++;
 2dc:	01 96       	adiw	r24, 0x01	; 1
 2de:	a1 1d       	adc	r26, r1
 2e0:	b1 1d       	adc	r27, r1
C:\Users\user\AppData\Local\Arduino15\packages\MiniCore\hardware\avr\3.1.2\cores\MCUdude_corefiles/wiring.c:276
#else
    q = 1;
#endif
#endif
  // Restore SREG
  SREG = oldSREG;
 2e2:	3f bf       	out	0x3f, r19	; 63
C:\Users\user\AppData\Local\Arduino15\packages\MiniCore\hardware\avr\3.1.2\cores\MCUdude_corefiles/wiring.c:292
      ((t * MICROSECONDS_PER_TIMER0_OVERFLOW) >> 8);
  return q ? m + MICROSECONDS_PER_TIMER0_OVERFLOW : m;
#elif 1
  /* All power-of-two Megahertz frequencies enter here, as well as 12.8 MHz.
     We only end up here if right shift before multiplication is exact. */
  return ((m << 8) + t) * (MICROSECONDS_PER_TIMER0_OVERFLOW >> 8);
 2e4:	ba 2f       	mov	r27, r26
 2e6:	a9 2f       	mov	r26, r25
 2e8:	98 2f       	mov	r25, r24
 2ea:	88 27       	eor	r24, r24
 2ec:	bc 01       	movw	r22, r24
 2ee:	cd 01       	movw	r24, r26
 2f0:	62 0f       	add	r22, r18
 2f2:	71 1d       	adc	r23, r1
 2f4:	81 1d       	adc	r24, r1
 2f6:	91 1d       	adc	r25, r1
 2f8:	42 e0       	ldi	r20, 0x02	; 2
 2fa:	66 0f       	add	r22, r22
 2fc:	77 1f       	adc	r23, r23
 2fe:	88 1f       	adc	r24, r24
 300:	99 1f       	adc	r25, r25
 302:	4a 95       	dec	r20
 304:	d1 f7       	brne	.-12     	; 0x2fa <micros+0x3c>
C:\Users\user\AppData\Local\Arduino15\packages\MiniCore\hardware\avr\3.1.2\cores\MCUdude_corefiles/wiring.c:393
  // m & t are multiplied by 4 (since it was already multiplied by 256)
  // t is multiplied by 4
  return ((m << 8) + t) * (64 / clockCyclesPerMicrosecond());
#endif
#endif // 0
}
 306:	08 95       	ret

00000308 <delay>:
delay():
C:\Users\user\AppData\Local\Arduino15\packages\MiniCore\hardware\avr\3.1.2\cores\MCUdude_corefiles/wiring.c:396

void delay(unsigned long ms)
{
 308:	8f 92       	push	r8
 30a:	9f 92       	push	r9
 30c:	af 92       	push	r10
 30e:	bf 92       	push	r11
 310:	cf 92       	push	r12
 312:	df 92       	push	r13
 314:	ef 92       	push	r14
 316:	ff 92       	push	r15
 318:	4b 01       	movw	r8, r22
 31a:	5c 01       	movw	r10, r24
C:\Users\user\AppData\Local\Arduino15\packages\MiniCore\hardware\avr\3.1.2\cores\MCUdude_corefiles/wiring.c:397
  unsigned long start = micros();
 31c:	0e 94 5f 01 	call	0x2be	; 0x2be <micros>
 320:	6b 01       	movw	r12, r22
 322:	7c 01       	movw	r14, r24
C:\Users\user\AppData\Local\Arduino15\packages\MiniCore\hardware\avr\3.1.2\cores\MCUdude_corefiles/wiring.c:401

  while (ms > 0UL) {
    yield();
    while (ms > 0UL && (micros() - start) >= 1000UL) {
 324:	0e 94 5f 01 	call	0x2be	; 0x2be <micros>
 328:	6c 19       	sub	r22, r12
 32a:	7d 09       	sbc	r23, r13
 32c:	8e 09       	sbc	r24, r14
 32e:	9f 09       	sbc	r25, r15
 330:	68 3e       	cpi	r22, 0xE8	; 232
 332:	73 40       	sbci	r23, 0x03	; 3
 334:	81 05       	cpc	r24, r1
 336:	91 05       	cpc	r25, r1
 338:	a8 f3       	brcs	.-22     	; 0x324 <delay+0x1c>
C:\Users\user\AppData\Local\Arduino15\packages\MiniCore\hardware\avr\3.1.2\cores\MCUdude_corefiles/wiring.c:402
      ms--;
 33a:	21 e0       	ldi	r18, 0x01	; 1
 33c:	82 1a       	sub	r8, r18
 33e:	91 08       	sbc	r9, r1
 340:	a1 08       	sbc	r10, r1
 342:	b1 08       	sbc	r11, r1
C:\Users\user\AppData\Local\Arduino15\packages\MiniCore\hardware\avr\3.1.2\cores\MCUdude_corefiles/wiring.c:403
      start += 1000UL;
 344:	88 ee       	ldi	r24, 0xE8	; 232
 346:	c8 0e       	add	r12, r24
 348:	83 e0       	ldi	r24, 0x03	; 3
 34a:	d8 1e       	adc	r13, r24
 34c:	e1 1c       	adc	r14, r1
 34e:	f1 1c       	adc	r15, r1
C:\Users\user\AppData\Local\Arduino15\packages\MiniCore\hardware\avr\3.1.2\cores\MCUdude_corefiles/wiring.c:401
{
  unsigned long start = micros();

  while (ms > 0UL) {
    yield();
    while (ms > 0UL && (micros() - start) >= 1000UL) {
 350:	81 14       	cp	r8, r1
 352:	91 04       	cpc	r9, r1
 354:	a1 04       	cpc	r10, r1
 356:	b1 04       	cpc	r11, r1
 358:	29 f7       	brne	.-54     	; 0x324 <delay+0x1c>
C:\Users\user\AppData\Local\Arduino15\packages\MiniCore\hardware\avr\3.1.2\cores\MCUdude_corefiles/wiring.c:406
      ms--;
      start += 1000UL;
    }
  }
}
 35a:	ff 90       	pop	r15
 35c:	ef 90       	pop	r14
 35e:	df 90       	pop	r13
 360:	cf 90       	pop	r12
 362:	bf 90       	pop	r11
 364:	af 90       	pop	r10
 366:	9f 90       	pop	r9
 368:	8f 90       	pop	r8
 36a:	08 95       	ret

0000036c <move(int, int)>:
_Z4moveii():
C:\Users\user\Documents\Arduino\gitjazda/gitjazda.ino:130
    calka = 0;
    poprzedni_blad = 0;
  }
}

void move(int ml, int mp) {
 36c:	ef 92       	push	r14
 36e:	ff 92       	push	r15
 370:	0f 93       	push	r16
 372:	1f 93       	push	r17
 374:	cf 93       	push	r28
 376:	df 93       	push	r29
 378:	7b 01       	movw	r14, r22
 37a:	8c 01       	movw	r16, r24
 37c:	8f 3f       	cpi	r24, 0xFF	; 255
 37e:	91 05       	cpc	r25, r1
 380:	19 f0       	breq	.+6      	; 0x388 <move(int, int)+0x1c>
 382:	14 f0       	brlt	.+4      	; 0x388 <move(int, int)+0x1c>
 384:	0f ef       	ldi	r16, 0xFF	; 255
 386:	10 e0       	ldi	r17, 0x00	; 0
 388:	01 30       	cpi	r16, 0x01	; 1
 38a:	2f ef       	ldi	r18, 0xFF	; 255
 38c:	12 07       	cpc	r17, r18
 38e:	14 f4       	brge	.+4      	; 0x394 <move(int, int)+0x28>
 390:	01 e0       	ldi	r16, 0x01	; 1
 392:	1f ef       	ldi	r17, 0xFF	; 255
 394:	e7 01       	movw	r28, r14
 396:	2f ef       	ldi	r18, 0xFF	; 255
 398:	e2 16       	cp	r14, r18
 39a:	f1 04       	cpc	r15, r1
 39c:	19 f0       	breq	.+6      	; 0x3a4 <move(int, int)+0x38>
 39e:	14 f0       	brlt	.+4      	; 0x3a4 <move(int, int)+0x38>
 3a0:	cf ef       	ldi	r28, 0xFF	; 255
 3a2:	d0 e0       	ldi	r29, 0x00	; 0
 3a4:	c1 30       	cpi	r28, 0x01	; 1
 3a6:	2f ef       	ldi	r18, 0xFF	; 255
 3a8:	d2 07       	cpc	r29, r18
 3aa:	14 f4       	brge	.+4      	; 0x3b0 <move(int, int)+0x44>
 3ac:	c1 e0       	ldi	r28, 0x01	; 1
 3ae:	df ef       	ldi	r29, 0xFF	; 255
C:\Users\user\Documents\Arduino\gitjazda/gitjazda.ino:134
  ml = constrain(ml, -255, 255);
  mp = constrain(mp, -255, 255);

  if (ml >= 0) {
 3b0:	97 fd       	sbrc	r25, 7
 3b2:	20 c0       	rjmp	.+64     	; 0x3f4 <move(int, int)+0x88>
C:\Users\user\Documents\Arduino\gitjazda/gitjazda.ino:135
    digitalWrite(m_lewy_A, LOW); digitalWrite(m_lewy_B, HIGH);
 3b4:	60 e0       	ldi	r22, 0x00	; 0
 3b6:	82 e0       	ldi	r24, 0x02	; 2
 3b8:	0e 94 9f 00 	call	0x13e	; 0x13e <digitalWrite>
 3bc:	61 e0       	ldi	r22, 0x01	; 1
 3be:	83 e0       	ldi	r24, 0x03	; 3
 3c0:	0e 94 9f 00 	call	0x13e	; 0x13e <digitalWrite>
C:\Users\user\Documents\Arduino\gitjazda/gitjazda.ino:141
  } else {
    digitalWrite(m_lewy_A, HIGH); digitalWrite(m_lewy_B, LOW);
    ml = -ml;
  }

  if (mp >= 0) {
 3c4:	f7 fc       	sbrc	r15, 7
 3c6:	22 c0       	rjmp	.+68     	; 0x40c <__LOCK_REGION_LENGTH__+0xc>
C:\Users\user\Documents\Arduino\gitjazda/gitjazda.ino:142
    digitalWrite(m_prawy_A, LOW); digitalWrite(m_prawy_B, HIGH);
 3c8:	60 e0       	ldi	r22, 0x00	; 0
 3ca:	88 e0       	ldi	r24, 0x08	; 8
 3cc:	0e 94 9f 00 	call	0x13e	; 0x13e <digitalWrite>
 3d0:	61 e0       	ldi	r22, 0x01	; 1
 3d2:	89 e0       	ldi	r24, 0x09	; 9
 3d4:	0e 94 9f 00 	call	0x13e	; 0x13e <digitalWrite>
C:\Users\user\Documents\Arduino\gitjazda/gitjazda.ino:148
  } else {
    digitalWrite(m_prawy_A, HIGH); digitalWrite(m_prawy_B, LOW);
    mp = -mp;
  }

  analogWrite(en_lewy, ml);
 3d8:	b8 01       	movw	r22, r16
 3da:	86 e0       	ldi	r24, 0x06	; 6
 3dc:	0e 94 eb 00 	call	0x1d6	; 0x1d6 <analogWrite>
C:\Users\user\Documents\Arduino\gitjazda/gitjazda.ino:149
  analogWrite(en_prawy, mp);
 3e0:	be 01       	movw	r22, r28
 3e2:	85 e0       	ldi	r24, 0x05	; 5
C:\Users\user\Documents\Arduino\gitjazda/gitjazda.ino:150
 3e4:	df 91       	pop	r29
 3e6:	cf 91       	pop	r28
 3e8:	1f 91       	pop	r17
 3ea:	0f 91       	pop	r16
 3ec:	ff 90       	pop	r15
 3ee:	ef 90       	pop	r14
C:\Users\user\Documents\Arduino\gitjazda/gitjazda.ino:149
    digitalWrite(m_prawy_A, HIGH); digitalWrite(m_prawy_B, LOW);
    mp = -mp;
  }

  analogWrite(en_lewy, ml);
  analogWrite(en_prawy, mp);
 3f0:	0c 94 eb 00 	jmp	0x1d6	; 0x1d6 <analogWrite>
C:\Users\user\Documents\Arduino\gitjazda/gitjazda.ino:137
  mp = constrain(mp, -255, 255);

  if (ml >= 0) {
    digitalWrite(m_lewy_A, LOW); digitalWrite(m_lewy_B, HIGH);
  } else {
    digitalWrite(m_lewy_A, HIGH); digitalWrite(m_lewy_B, LOW);
 3f4:	61 e0       	ldi	r22, 0x01	; 1
 3f6:	82 e0       	ldi	r24, 0x02	; 2
 3f8:	0e 94 9f 00 	call	0x13e	; 0x13e <digitalWrite>
 3fc:	60 e0       	ldi	r22, 0x00	; 0
 3fe:	83 e0       	ldi	r24, 0x03	; 3
 400:	0e 94 9f 00 	call	0x13e	; 0x13e <digitalWrite>
C:\Users\user\Documents\Arduino\gitjazda/gitjazda.ino:138
    ml = -ml;
 404:	11 95       	neg	r17
 406:	01 95       	neg	r16
 408:	11 09       	sbc	r17, r1
 40a:	dc cf       	rjmp	.-72     	; 0x3c4 <move(int, int)+0x58>
C:\Users\user\Documents\Arduino\gitjazda/gitjazda.ino:144
  }

  if (mp >= 0) {
    digitalWrite(m_prawy_A, LOW); digitalWrite(m_prawy_B, HIGH);
  } else {
    digitalWrite(m_prawy_A, HIGH); digitalWrite(m_prawy_B, LOW);
 40c:	61 e0       	ldi	r22, 0x01	; 1
 40e:	88 e0       	ldi	r24, 0x08	; 8
 410:	0e 94 9f 00 	call	0x13e	; 0x13e <digitalWrite>
 414:	60 e0       	ldi	r22, 0x00	; 0
 416:	89 e0       	ldi	r24, 0x09	; 9
 418:	0e 94 9f 00 	call	0x13e	; 0x13e <digitalWrite>
C:\Users\user\Documents\Arduino\gitjazda/gitjazda.ino:145
    mp = -mp;
 41c:	d1 95       	neg	r29
 41e:	c1 95       	neg	r28
 420:	d1 09       	sbc	r29, r1
 422:	da cf       	rjmp	.-76     	; 0x3d8 <move(int, int)+0x6c>

00000424 <__vector_16>:
__vector_16():
C:\Users\user\AppData\Local\Arduino15\packages\MiniCore\hardware\avr\3.1.2\cores\MCUdude_corefiles/wiring.c:159
#if defined(__AVR_ATtiny24__) || defined(__AVR_ATtiny44__) || defined(__AVR_ATtiny84__)
ISR(TIM0_OVF_vect)
#else
ISR(TIMER0_OVF_vect)
#endif
{
 424:	1f 92       	push	r1
 426:	0f 92       	push	r0
 428:	0f b6       	in	r0, 0x3f	; 63
 42a:	0f 92       	push	r0
 42c:	11 24       	eor	r1, r1
 42e:	2f 93       	push	r18
 430:	3f 93       	push	r19
 432:	8f 93       	push	r24
 434:	9f 93       	push	r25
 436:	af 93       	push	r26
 438:	bf 93       	push	r27
C:\Users\user\AppData\Local\Arduino15\packages\MiniCore\hardware\avr\3.1.2\cores\MCUdude_corefiles/wiring.c:167
  static unsigned char timer0_exact = 0;
#endif

  // copy these to local variables so they can be stored in registers
  // (volatile variables must be read from memory on every access, so this saves time)
  unsigned long m = timer0_millis;
 43a:	80 91 24 01 	lds	r24, 0x0124	; 0x800124 <timer0_millis>
 43e:	90 91 25 01 	lds	r25, 0x0125	; 0x800125 <timer0_millis+0x1>
 442:	a0 91 26 01 	lds	r26, 0x0126	; 0x800126 <timer0_millis+0x2>
 446:	b0 91 27 01 	lds	r27, 0x0127	; 0x800127 <timer0_millis+0x3>
C:\Users\user\AppData\Local\Arduino15\packages\MiniCore\hardware\avr\3.1.2\cores\MCUdude_corefiles/wiring.c:168
  unsigned char f = timer0_fract;
 44a:	30 91 23 01 	lds	r19, 0x0123	; 0x800123 <timer0_fract>
C:\Users\user\AppData\Local\Arduino15\packages\MiniCore\hardware\avr\3.1.2\cores\MCUdude_corefiles/wiring.c:170

  f += FRACT_INC FRACT_INC_PLUS;
 44e:	23 e0       	ldi	r18, 0x03	; 3
 450:	23 0f       	add	r18, r19
C:\Users\user\AppData\Local\Arduino15\packages\MiniCore\hardware\avr\3.1.2\cores\MCUdude_corefiles/wiring.c:200
    ++f;
  }
#endif
#endif // CORRECT_EXACT_MILLIS

  if (f >= FRACT_MAX) {
 452:	2d 37       	cpi	r18, 0x7D	; 125
 454:	68 f1       	brcs	.+90     	; 0x4b0 <__vector_16+0x8c>
C:\Users\user\AppData\Local\Arduino15\packages\MiniCore\hardware\avr\3.1.2\cores\MCUdude_corefiles/wiring.c:201
    f -= FRACT_MAX;
 456:	26 e8       	ldi	r18, 0x86	; 134
 458:	23 0f       	add	r18, r19
C:\Users\user\AppData\Local\Arduino15\packages\MiniCore\hardware\avr\3.1.2\cores\MCUdude_corefiles/wiring.c:202
    m += MILLIS_INC + 1;
 45a:	02 96       	adiw	r24, 0x02	; 2
 45c:	a1 1d       	adc	r26, r1
 45e:	b1 1d       	adc	r27, r1
C:\Users\user\AppData\Local\Arduino15\packages\MiniCore\hardware\avr\3.1.2\cores\MCUdude_corefiles/wiring.c:208
  }
  else {
    m += MILLIS_INC;
  }

  timer0_fract = f;
 460:	20 93 23 01 	sts	0x0123, r18	; 0x800123 <timer0_fract>
C:\Users\user\AppData\Local\Arduino15\packages\MiniCore\hardware\avr\3.1.2\cores\MCUdude_corefiles/wiring.c:209
  timer0_millis = m;
 464:	80 93 24 01 	sts	0x0124, r24	; 0x800124 <timer0_millis>
 468:	90 93 25 01 	sts	0x0125, r25	; 0x800125 <timer0_millis+0x1>
 46c:	a0 93 26 01 	sts	0x0126, r26	; 0x800126 <timer0_millis+0x2>
 470:	b0 93 27 01 	sts	0x0127, r27	; 0x800127 <timer0_millis+0x3>
C:\Users\user\AppData\Local\Arduino15\packages\MiniCore\hardware\avr\3.1.2\cores\MCUdude_corefiles/wiring.c:211
#ifndef CORRECT_EXACT_MICROS
  timer0_overflow_count++;
 474:	80 91 28 01 	lds	r24, 0x0128	; 0x800128 <timer0_overflow_count>
 478:	90 91 29 01 	lds	r25, 0x0129	; 0x800129 <timer0_overflow_count+0x1>
 47c:	a0 91 2a 01 	lds	r26, 0x012A	; 0x80012a <timer0_overflow_count+0x2>
 480:	b0 91 2b 01 	lds	r27, 0x012B	; 0x80012b <timer0_overflow_count+0x3>
 484:	01 96       	adiw	r24, 0x01	; 1
 486:	a1 1d       	adc	r26, r1
 488:	b1 1d       	adc	r27, r1
 48a:	80 93 28 01 	sts	0x0128, r24	; 0x800128 <timer0_overflow_count>
 48e:	90 93 29 01 	sts	0x0129, r25	; 0x800129 <timer0_overflow_count+0x1>
 492:	a0 93 2a 01 	sts	0x012A, r26	; 0x80012a <timer0_overflow_count+0x2>
 496:	b0 93 2b 01 	sts	0x012B, r27	; 0x80012b <timer0_overflow_count+0x3>
C:\Users\user\AppData\Local\Arduino15\packages\MiniCore\hardware\avr\3.1.2\cores\MCUdude_corefiles/wiring.c:213
#endif
}
 49a:	bf 91       	pop	r27
 49c:	af 91       	pop	r26
 49e:	9f 91       	pop	r25
 4a0:	8f 91       	pop	r24
 4a2:	3f 91       	pop	r19
 4a4:	2f 91       	pop	r18
 4a6:	0f 90       	pop	r0
 4a8:	0f be       	out	0x3f, r0	; 63
 4aa:	0f 90       	pop	r0
 4ac:	1f 90       	pop	r1
 4ae:	18 95       	reti
C:\Users\user\AppData\Local\Arduino15\packages\MiniCore\hardware\avr\3.1.2\cores\MCUdude_corefiles/wiring.c:205
  if (f >= FRACT_MAX) {
    f -= FRACT_MAX;
    m += MILLIS_INC + 1;
  }
  else {
    m += MILLIS_INC;
 4b0:	01 96       	adiw	r24, 0x01	; 1
 4b2:	a1 1d       	adc	r26, r1
 4b4:	b1 1d       	adc	r27, r1
 4b6:	d4 cf       	rjmp	.-88     	; 0x460 <__vector_16+0x3c>

000004b8 <main>:
main():
C:\Users\user\AppData\Local\Arduino15\packages\MiniCore\hardware\avr\3.1.2\cores\MCUdude_corefiles/main.cpp:34

//void setupUSB() __attribute__((weak));
//void setupUSB() { }

int main(void)
{
 4b8:	cf 93       	push	r28
 4ba:	df 93       	push	r29
 4bc:	cd b7       	in	r28, 0x3d	; 61
 4be:	de b7       	in	r29, 0x3e	; 62
 4c0:	2e 97       	sbiw	r28, 0x0e	; 14
 4c2:	0f b6       	in	r0, 0x3f	; 63
 4c4:	f8 94       	cli
 4c6:	de bf       	out	0x3e, r29	; 62
 4c8:	0f be       	out	0x3f, r0	; 63
 4ca:	cd bf       	out	0x3d, r28	; 61
init():
C:\Users\user\AppData\Local\Arduino15\packages\MiniCore\hardware\avr\3.1.2\cores\MCUdude_corefiles/wiring.c:945

void init()
{
  // this needs to be called before setup() or some functions won't
  // work there
  sei();
 4cc:	78 94       	sei
C:\Users\user\AppData\Local\Arduino15\packages\MiniCore\hardware\avr\3.1.2\cores\MCUdude_corefiles/wiring.c:957

  // On the ATmega168, timer 0 is also used for fast hardware pwm
  // (using phase-correct PWM would mean that timer 0 overflowed half as often
  // resulting in different millis() behavior on the ATmega8 and ATmega168)
#if defined(TCCR0A) && defined(WGM01)
  TCCR0A |= _BV(WGM01) | _BV(WGM00);
 4ce:	84 b5       	in	r24, 0x24	; 36
 4d0:	83 60       	ori	r24, 0x03	; 3
 4d2:	84 bd       	out	0x24, r24	; 36
C:\Users\user\AppData\Local\Arduino15\packages\MiniCore\hardware\avr\3.1.2\cores\MCUdude_corefiles/wiring.c:972
  #if defined(WGM00) && defined(WGM01) // The ATmega8 doesn't have WGM00 and WGM01
    TCCR0 |= _BV(WGM01) | _BV(WGM00);
  #endif
#elif defined(TCCR0B) && defined(CS01) && defined(CS00)
  // This combination is for the standard 168/328/640/1280/1281/2560/2561
  TCCR0B |= _BV(CS01) | _BV(CS00);
 4d4:	85 b5       	in	r24, 0x25	; 37
 4d6:	83 60       	ori	r24, 0x03	; 3
 4d8:	85 bd       	out	0x25, r24	; 37
C:\Users\user\AppData\Local\Arduino15\packages\MiniCore\hardware\avr\3.1.2\cores\MCUdude_corefiles/wiring.c:984

// Enable timer 0 overflow interrupt
#if defined(TIMSK) && defined(TOIE0)
  TIMSK |= _BV(TOIE0);
#elif defined(TIMSK0) && defined(TOIE0)
  TIMSK0 |= _BV(TOIE0);
 4da:	80 91 6e 00 	lds	r24, 0x006E	; 0x80006e <__DATA_REGION_ORIGIN__+0xe>
 4de:	81 60       	ori	r24, 0x01	; 1
 4e0:	80 93 6e 00 	sts	0x006E, r24	; 0x80006e <__DATA_REGION_ORIGIN__+0xe>
C:\Users\user\AppData\Local\Arduino15\packages\MiniCore\hardware\avr\3.1.2\cores\MCUdude_corefiles/wiring.c:995
// this is better for motors as it ensures an even waveform
// note, however, that fast pwm mode can achieve a frequency of up
// 8 MHz (with a 16 MHz clock) at 50% duty cycle

#if defined(TCCR1B) && defined(CS11) && defined(CS10)
  TCCR1B = _BV(CS11); // Set timer 1 prescale factor to 64
 4e4:	82 e0       	ldi	r24, 0x02	; 2
 4e6:	80 93 81 00 	sts	0x0081, r24	; 0x800081 <__DATA_REGION_ORIGIN__+0x21>
C:\Users\user\AppData\Local\Arduino15\packages\MiniCore\hardware\avr\3.1.2\cores\MCUdude_corefiles/wiring.c:997
#if F_CPU >= 8000000L
  TCCR1B |= _BV(CS10);
 4ea:	80 91 81 00 	lds	r24, 0x0081	; 0x800081 <__DATA_REGION_ORIGIN__+0x21>
 4ee:	81 60       	ori	r24, 0x01	; 1
 4f0:	80 93 81 00 	sts	0x0081, r24	; 0x800081 <__DATA_REGION_ORIGIN__+0x21>
C:\Users\user\AppData\Local\Arduino15\packages\MiniCore\hardware\avr\3.1.2\cores\MCUdude_corefiles/wiring.c:1006
#if F_CPU >= 8000000L
  TCCR1 |= _BV(CS10);
#endif
#endif
#if defined(TCCR1A) && defined(WGM10)
  TCCR1A |= _BV(WGM10); // Put timer 1 in 8-bit phase correct pwm mode
 4f4:	80 91 80 00 	lds	r24, 0x0080	; 0x800080 <__DATA_REGION_ORIGIN__+0x20>
 4f8:	81 60       	ori	r24, 0x01	; 1
 4fa:	80 93 80 00 	sts	0x0080, r24	; 0x800080 <__DATA_REGION_ORIGIN__+0x20>
C:\Users\user\AppData\Local\Arduino15\packages\MiniCore\hardware\avr\3.1.2\cores\MCUdude_corefiles/wiring.c:1013

// Set timer 2 prescale factor to 64
#if defined(TCCR2) && defined(CS22)
  TCCR2 |= _BV(CS22);
#elif defined(TCCR2B) && defined(CS22)
  TCCR2B |= _BV(CS22);
 4fe:	80 91 b1 00 	lds	r24, 0x00B1	; 0x8000b1 <__DATA_REGION_ORIGIN__+0x51>
 502:	84 60       	ori	r24, 0x04	; 4
 504:	80 93 b1 00 	sts	0x00B1, r24	; 0x8000b1 <__DATA_REGION_ORIGIN__+0x51>
C:\Users\user\AppData\Local\Arduino15\packages\MiniCore\hardware\avr\3.1.2\cores\MCUdude_corefiles/wiring.c:1022

// Configure timer 2 for phase correct pwm (8-bit)
#if defined(TCCR2) && defined(WGM20)
  TCCR2 |= _BV(WGM20);
#elif defined(TCCR2A) && defined(WGM20)
  TCCR2A |= _BV(WGM20);
 508:	80 91 b0 00 	lds	r24, 0x00B0	; 0x8000b0 <__DATA_REGION_ORIGIN__+0x50>
 50c:	81 60       	ori	r24, 0x01	; 1
 50e:	80 93 b0 00 	sts	0x00B0, r24	; 0x8000b0 <__DATA_REGION_ORIGIN__+0x50>
C:\Users\user\AppData\Local\Arduino15\packages\MiniCore\hardware\avr\3.1.2\cores\MCUdude_corefiles/wiring.c:1050
#endif

#if defined(ADCSRA)
  // set a2d prescaler so we are inside the desired 50-200 KHz range.
  #if F_CPU >= 16000000 // 16 MHz / 128 = 125 KHz
    ADCSRA = _BV(ADPS2) | _BV(ADPS1) | _BV(ADPS0) | _BV(ADEN);
 512:	87 e8       	ldi	r24, 0x87	; 135
 514:	80 93 7a 00 	sts	0x007A, r24	; 0x80007a <__DATA_REGION_ORIGIN__+0x1a>
C:\Users\user\AppData\Local\Arduino15\packages\MiniCore\hardware\avr\3.1.2\cores\MCUdude_corefiles/wiring.c:1070
  // here so they can be used as normal digital i/o; they will be
  // reconnected in Serial.begin()
#if defined(UCSRB)
  UCSRB = 0;
#elif defined(UCSR0B)
  UCSR0B = 0;
 518:	10 92 c1 00 	sts	0x00C1, r1	; 0x8000c1 <__DATA_REGION_ORIGIN__+0x61>
setup():
C:\Users\user\Documents\Arduino\gitjazda/gitjazda.ino:30
bool szukanie_aktywne = false;
const int PREDKOSC_SZUKANIA = 100;
const unsigned long MAX_SZUKANIA = 2000;

void setup() {
  pinMode(m_prawy_A, OUTPUT); pinMode(m_prawy_B, OUTPUT);
 51c:	88 e0       	ldi	r24, 0x08	; 8
 51e:	0e 94 80 00 	call	0x100	; 0x100 <pinMode.constprop.0>
 522:	89 e0       	ldi	r24, 0x09	; 9
 524:	0e 94 80 00 	call	0x100	; 0x100 <pinMode.constprop.0>
C:\Users\user\Documents\Arduino\gitjazda/gitjazda.ino:31
  pinMode(m_lewy_A, OUTPUT);  pinMode(m_lewy_B, OUTPUT);
 528:	82 e0       	ldi	r24, 0x02	; 2
 52a:	0e 94 80 00 	call	0x100	; 0x100 <pinMode.constprop.0>
 52e:	83 e0       	ldi	r24, 0x03	; 3
 530:	0e 94 80 00 	call	0x100	; 0x100 <pinMode.constprop.0>
C:\Users\user\Documents\Arduino\gitjazda/gitjazda.ino:32
  pinMode(en_prawy, OUTPUT);  pinMode(en_lewy, OUTPUT);
 534:	85 e0       	ldi	r24, 0x05	; 5
 536:	0e 94 80 00 	call	0x100	; 0x100 <pinMode.constprop.0>
 53a:	86 e0       	ldi	r24, 0x06	; 6
 53c:	0e 94 80 00 	call	0x100	; 0x100 <pinMode.constprop.0>
C:\Users\user\Documents\Arduino\gitjazda/gitjazda.ino:33
  delay(3000);
 540:	68 eb       	ldi	r22, 0xB8	; 184
 542:	7b e0       	ldi	r23, 0x0B	; 11
 544:	80 e0       	ldi	r24, 0x00	; 0
 546:	90 e0       	ldi	r25, 0x00	; 0
 548:	0e 94 84 01 	call	0x308	; 0x308 <delay>
 54c:	24 e1       	ldi	r18, 0x14	; 20
 54e:	22 2e       	mov	r2, r18
 550:	21 e0       	ldi	r18, 0x01	; 1
 552:	32 2e       	mov	r3, r18
oblicz_pozycje():
C:\Users\user\Documents\Arduino\gitjazda/gitjazda.ino:80
}

int oblicz_pozycje() {
  long suma_wag = 0;
  int aktywnych = 0;
  int wagi[] = {-2000, -1000, 0, 1000, 2000};
 554:	8a e0       	ldi	r24, 0x0A	; 10
 556:	e0 e0       	ldi	r30, 0x00	; 0
 558:	f1 e0       	ldi	r31, 0x01	; 1
 55a:	de 01       	movw	r26, r28
 55c:	11 96       	adiw	r26, 0x01	; 1
 55e:	01 90       	ld	r0, Z+
 560:	0d 92       	st	X+, r0
 562:	8a 95       	dec	r24
 564:	e1 f7       	brne	.-8      	; 0x55e <main+0xa6>
 566:	0a e0       	ldi	r16, 0x0A	; 10
 568:	11 e0       	ldi	r17, 0x01	; 1
 56a:	9e 01       	movw	r18, r28
 56c:	2f 5f       	subi	r18, 0xFF	; 255
 56e:	3f 4f       	sbci	r19, 0xFF	; 255
 570:	69 01       	movw	r12, r18
main():
C:\Users\user\Documents\Arduino\gitjazda/gitjazda.ino:79
  move(moc_lewy, moc_prawy);
}

int oblicz_pozycje() {
  long suma_wag = 0;
  int aktywnych = 0;
 572:	f1 2c       	mov	r15, r1
 574:	e1 2c       	mov	r14, r1
C:\Users\user\Documents\Arduino\gitjazda/gitjazda.ino:78

  move(moc_lewy, moc_prawy);
}

int oblicz_pozycje() {
  long suma_wag = 0;
 576:	81 2c       	mov	r8, r1
 578:	91 2c       	mov	r9, r1
 57a:	54 01       	movw	r10, r8
oblicz_pozycje():
C:\Users\user\Documents\Arduino\gitjazda/gitjazda.ino:83
  int aktywnych = 0;
  int wagi[] = {-2000, -1000, 0, 1000, 2000};

  for (int i = 0; i < 5; i++) {
    int odczyt = analogRead(czujniki[i]);
 57c:	f8 01       	movw	r30, r16
 57e:	80 81       	ld	r24, Z
 580:	0e 5f       	subi	r16, 0xFE	; 254
 582:	1f 4f       	sbci	r17, 0xFF	; 255
 584:	0e 94 47 01 	call	0x28e	; 0x28e <analogRead>
C:\Users\user\Documents\Arduino\gitjazda/gitjazda.ino:84
    if (odczyt < PROG_LINII) {
 588:	82 35       	cpi	r24, 0x52	; 82
 58a:	93 40       	sbci	r25, 0x03	; 3
 58c:	74 f4       	brge	.+28     	; 0x5aa <main+0xf2>
C:\Users\user\Documents\Arduino\gitjazda/gitjazda.ino:85
      suma_wag += wagi[i];
 58e:	f6 01       	movw	r30, r12
 590:	80 81       	ld	r24, Z
 592:	91 81       	ldd	r25, Z+1	; 0x01
 594:	09 2e       	mov	r0, r25
 596:	00 0c       	add	r0, r0
 598:	aa 0b       	sbc	r26, r26
 59a:	bb 0b       	sbc	r27, r27
 59c:	88 0e       	add	r8, r24
 59e:	99 1e       	adc	r9, r25
 5a0:	aa 1e       	adc	r10, r26
 5a2:	bb 1e       	adc	r11, r27
C:\Users\user\Documents\Arduino\gitjazda/gitjazda.ino:86
      aktywnych++;
 5a4:	ff ef       	ldi	r31, 0xFF	; 255
 5a6:	ef 1a       	sub	r14, r31
 5a8:	ff 0a       	sbc	r15, r31
 5aa:	22 e0       	ldi	r18, 0x02	; 2
 5ac:	c2 0e       	add	r12, r18
 5ae:	d1 1c       	adc	r13, r1
C:\Users\user\Documents\Arduino\gitjazda/gitjazda.ino:82
int oblicz_pozycje() {
  long suma_wag = 0;
  int aktywnych = 0;
  int wagi[] = {-2000, -1000, 0, 1000, 2000};

  for (int i = 0; i < 5; i++) {
 5b0:	20 16       	cp	r2, r16
 5b2:	31 06       	cpc	r3, r17
 5b4:	19 f7       	brne	.-58     	; 0x57c <main+0xc4>
 5b6:	10 91 22 01 	lds	r17, 0x0122	; 0x800122 <szukanie_aktywne>
C:\Users\user\Documents\Arduino\gitjazda/gitjazda.ino:90
      suma_wag += wagi[i];
      aktywnych++;
    }
  }

  if (aktywnych == 0) return 10000;
 5ba:	e1 14       	cp	r14, r1
 5bc:	f1 04       	cpc	r15, r1
 5be:	09 f4       	brne	.+2      	; 0x5c2 <main+0x10a>
 5c0:	d0 c0       	rjmp	.+416    	; 0x762 <main+0x2aa>
C:\Users\user\Documents\Arduino\gitjazda/gitjazda.ino:92

  int pozycja = suma_wag / aktywnych;
 5c2:	97 01       	movw	r18, r14
 5c4:	ff 0c       	add	r15, r15
 5c6:	44 0b       	sbc	r20, r20
 5c8:	55 0b       	sbc	r21, r21
 5ca:	c5 01       	movw	r24, r10
 5cc:	b4 01       	movw	r22, r8
 5ce:	0e 94 36 06 	call	0xc6c	; 0xc6c <__divmodsi4>
 5d2:	29 01       	movw	r4, r18
 5d4:	c9 01       	movw	r24, r18
C:\Users\user\Documents\Arduino\gitjazda/gitjazda.ino:94

  if (pozycja < 0) ostatni_kierunek = -1;
 5d6:	37 ff       	sbrs	r19, 7
 5d8:	b5 c0       	rjmp	.+362    	; 0x744 <main+0x28c>
 5da:	ef ef       	ldi	r30, 0xFF	; 255
 5dc:	ff ef       	ldi	r31, 0xFF	; 255
 5de:	f0 93 15 01 	sts	0x0115, r31	; 0x800115 <__data_end+0x1>
 5e2:	e0 93 14 01 	sts	0x0114, r30	; 0x800114 <__data_end>
loop():
C:\Users\user\Documents\Arduino\gitjazda/gitjazda.ino:49
    szukaj_linii();
    return;
  }

  // Znaleźliśmy linię po szukaniu
  if (szukanie_aktywne) {
 5e6:	11 23       	and	r17, r17
 5e8:	71 f1       	breq	.+92     	; 0x646 <main+0x18e>
C:\Users\user\Documents\Arduino\gitjazda/gitjazda.ino:50
    szukanie_aktywne = false;
 5ea:	10 92 22 01 	sts	0x0122, r1	; 0x800122 <szukanie_aktywne>
C:\Users\user\Documents\Arduino\gitjazda/gitjazda.ino:51
    calka = 0;
 5ee:	10 92 1a 01 	sts	0x011A, r1	; 0x80011a <calka>
 5f2:	10 92 1b 01 	sts	0x011B, r1	; 0x80011b <calka+0x1>
 5f6:	10 92 1c 01 	sts	0x011C, r1	; 0x80011c <calka+0x2>
 5fa:	10 92 1d 01 	sts	0x011D, r1	; 0x80011d <calka+0x3>
C:\Users\user\Documents\Arduino\gitjazda/gitjazda.ino:52
    poprzedni_blad = 0;
 5fe:	10 92 19 01 	sts	0x0119, r1	; 0x800119 <poprzedni_blad+0x1>
 602:	10 92 18 01 	sts	0x0118, r1	; 0x800118 <poprzedni_blad>
C:\Users\user\Documents\Arduino\gitjazda/gitjazda.ino:54

    if (blad_przed_zguba != 0 && pozycja != 0) {
 606:	40 91 16 01 	lds	r20, 0x0116	; 0x800116 <blad_przed_zguba>
 60a:	50 91 17 01 	lds	r21, 0x0117	; 0x800117 <blad_przed_zguba+0x1>
 60e:	41 15       	cp	r20, r1
 610:	51 05       	cpc	r21, r1
 612:	c9 f0       	breq	.+50     	; 0x646 <main+0x18e>
 614:	00 97       	sbiw	r24, 0x00	; 0
 616:	b9 f0       	breq	.+46     	; 0x646 <main+0x18e>
C:\Users\user\Documents\Arduino\gitjazda/gitjazda.ino:55
      if ((blad_przed_zguba > 0) != (pozycja > 0)) {
 618:	31 e0       	ldi	r19, 0x01	; 1
 61a:	14 16       	cp	r1, r20
 61c:	15 06       	cpc	r1, r21
 61e:	0c f0       	brlt	.+2      	; 0x622 <main+0x16a>
 620:	30 e0       	ldi	r19, 0x00	; 0
 622:	21 e0       	ldi	r18, 0x01	; 1
 624:	18 16       	cp	r1, r24
 626:	19 06       	cpc	r1, r25
 628:	0c f0       	brlt	.+2      	; 0x62c <main+0x174>
 62a:	20 e0       	ldi	r18, 0x00	; 0
 62c:	32 17       	cp	r19, r18
 62e:	59 f0       	breq	.+22     	; 0x646 <main+0x18e>
C:\Users\user\Documents\Arduino\gitjazda/gitjazda.ino:56
        ostatni_kierunek = -ostatni_kierunek;
 630:	80 91 14 01 	lds	r24, 0x0114	; 0x800114 <__data_end>
 634:	90 91 15 01 	lds	r25, 0x0115	; 0x800115 <__data_end+0x1>
 638:	91 95       	neg	r25
 63a:	81 95       	neg	r24
 63c:	91 09       	sbc	r25, r1
 63e:	90 93 15 01 	sts	0x0115, r25	; 0x800115 <__data_end+0x1>
 642:	80 93 14 01 	sts	0x0114, r24	; 0x800114 <__data_end>
C:\Users\user\Documents\Arduino\gitjazda/gitjazda.ino:61
      }
    }
  }

  blad_przed_zguba = pozycja;
 646:	50 92 17 01 	sts	0x0117, r5	; 0x800117 <blad_przed_zguba+0x1>
 64a:	40 92 16 01 	sts	0x0116, r4	; 0x800116 <blad_przed_zguba>
C:\Users\user\Documents\Arduino\gitjazda/gitjazda.ino:64

  blad = pozycja;
  calka = calka + blad;
 64e:	b2 01       	movw	r22, r4
 650:	05 2c       	mov	r0, r5
 652:	00 0c       	add	r0, r0
 654:	88 0b       	sbc	r24, r24
 656:	99 0b       	sbc	r25, r25
 658:	0e 94 f2 04 	call	0x9e4	; 0x9e4 <__floatsisf>
 65c:	4b 01       	movw	r8, r22
 65e:	5c 01       	movw	r10, r24
 660:	20 91 1a 01 	lds	r18, 0x011A	; 0x80011a <calka>
 664:	30 91 1b 01 	lds	r19, 0x011B	; 0x80011b <calka+0x1>
 668:	40 91 1c 01 	lds	r20, 0x011C	; 0x80011c <calka+0x2>
 66c:	50 91 1d 01 	lds	r21, 0x011D	; 0x80011d <calka+0x3>
 670:	0e 94 49 04 	call	0x892	; 0x892 <__addsf3>
 674:	6b 01       	movw	r12, r22
 676:	7c 01       	movw	r14, r24
_Z9constrainIfiiEDTqultfp_fp0_fp0_qugtfp_fp1_fp1_fp_ERKT_RKT0_RKT1_():
C:\Users\user\AppData\Local\Arduino15\packages\MiniCore\hardware\avr\3.1.2\cores\MCUdude_corefiles/Arduino.h:345
    return rad * RAD_TO_DEG;
  }

  template<class T, class L, class H>
	auto constrain(const T& x, const L& l, const H& h) -> decltype((x < l) ? l : (x > h) ? h : x) {
		return (x < l) ? l : (x > h) ? h : x;
 678:	20 e0       	ldi	r18, 0x00	; 0
 67a:	30 e8       	ldi	r19, 0x80	; 128
 67c:	4b e3       	ldi	r20, 0x3B	; 59
 67e:	55 ec       	ldi	r21, 0xC5	; 197
 680:	0e 94 b5 04 	call	0x96a	; 0x96a <__cmpsf2>
 684:	87 fd       	sbrc	r24, 7
 686:	fc c0       	rjmp	.+504    	; 0x880 <main+0x3c8>
 688:	20 e0       	ldi	r18, 0x00	; 0
 68a:	30 e8       	ldi	r19, 0x80	; 128
 68c:	4b e3       	ldi	r20, 0x3B	; 59
 68e:	55 e4       	ldi	r21, 0x45	; 69
 690:	c7 01       	movw	r24, r14
 692:	b6 01       	movw	r22, r12
 694:	0e 94 a2 05 	call	0xb44	; 0xb44 <__gesf2>
 698:	18 16       	cp	r1, r24
 69a:	3c f4       	brge	.+14     	; 0x6aa <main+0x1f2>
main():
 69c:	c1 2c       	mov	r12, r1
 69e:	90 e8       	ldi	r25, 0x80	; 128
 6a0:	d9 2e       	mov	r13, r25
 6a2:	9b e3       	ldi	r25, 0x3B	; 59
 6a4:	e9 2e       	mov	r14, r25
 6a6:	95 e4       	ldi	r25, 0x45	; 69
 6a8:	f9 2e       	mov	r15, r25
loop():
C:\Users\user\Documents\Arduino\gitjazda/gitjazda.ino:65
  calka = constrain(calka, -3000, 3000);
 6aa:	c0 92 1a 01 	sts	0x011A, r12	; 0x80011a <calka>
 6ae:	d0 92 1b 01 	sts	0x011B, r13	; 0x80011b <calka+0x1>
 6b2:	e0 92 1c 01 	sts	0x011C, r14	; 0x80011c <calka+0x2>
 6b6:	f0 92 1d 01 	sts	0x011D, r15	; 0x80011d <calka+0x3>
C:\Users\user\Documents\Arduino\gitjazda/gitjazda.ino:67

  int rozniczka = blad - poprzedni_blad;
 6ba:	80 91 18 01 	lds	r24, 0x0118	; 0x800118 <poprzedni_blad>
 6be:	90 91 19 01 	lds	r25, 0x0119	; 0x800119 <poprzedni_blad+0x1>
 6c2:	b2 01       	movw	r22, r4
 6c4:	68 1b       	sub	r22, r24
 6c6:	79 0b       	sbc	r23, r25
C:\Users\user\Documents\Arduino\gitjazda/gitjazda.ino:68
  int korekta = Kp * blad + Ki * calka + Kd * rozniczka;
 6c8:	07 2e       	mov	r0, r23
 6ca:	00 0c       	add	r0, r0
 6cc:	88 0b       	sbc	r24, r24
 6ce:	99 0b       	sbc	r25, r25
 6d0:	0e 94 f2 04 	call	0x9e4	; 0x9e4 <__floatsisf>
 6d4:	20 e0       	ldi	r18, 0x00	; 0
 6d6:	30 e0       	ldi	r19, 0x00	; 0
 6d8:	40 e0       	ldi	r20, 0x00	; 0
 6da:	5f e3       	ldi	r21, 0x3F	; 63
 6dc:	0e 94 a7 05 	call	0xb4e	; 0xb4e <__mulsf3>
 6e0:	6b 87       	std	Y+11, r22	; 0x0b
 6e2:	7c 87       	std	Y+12, r23	; 0x0c
 6e4:	8d 87       	std	Y+13, r24	; 0x0d
 6e6:	9e 87       	std	Y+14, r25	; 0x0e
 6e8:	2d ec       	ldi	r18, 0xCD	; 205
 6ea:	3c ec       	ldi	r19, 0xCC	; 204
 6ec:	4c e4       	ldi	r20, 0x4C	; 76
 6ee:	5d e3       	ldi	r21, 0x3D	; 61
 6f0:	c5 01       	movw	r24, r10
 6f2:	b4 01       	movw	r22, r8
 6f4:	0e 94 a7 05 	call	0xb4e	; 0xb4e <__mulsf3>
 6f8:	4b 01       	movw	r8, r22
 6fa:	5c 01       	movw	r10, r24
 6fc:	20 e0       	ldi	r18, 0x00	; 0
 6fe:	30 e0       	ldi	r19, 0x00	; 0
 700:	a9 01       	movw	r20, r18
 702:	c7 01       	movw	r24, r14
 704:	b6 01       	movw	r22, r12
 706:	0e 94 a7 05 	call	0xb4e	; 0xb4e <__mulsf3>
 70a:	9b 01       	movw	r18, r22
 70c:	ac 01       	movw	r20, r24
 70e:	c5 01       	movw	r24, r10
 710:	b4 01       	movw	r22, r8
 712:	0e 94 49 04 	call	0x892	; 0x892 <__addsf3>
 716:	9b 01       	movw	r18, r22
 718:	ac 01       	movw	r20, r24
 71a:	6b 85       	ldd	r22, Y+11	; 0x0b
 71c:	7c 85       	ldd	r23, Y+12	; 0x0c
 71e:	8d 85       	ldd	r24, Y+13	; 0x0d
 720:	9e 85       	ldd	r25, Y+14	; 0x0e
 722:	0e 94 49 04 	call	0x892	; 0x892 <__addsf3>
 726:	0e 94 ba 04 	call	0x974	; 0x974 <__fixsfsi>
C:\Users\user\Documents\Arduino\gitjazda/gitjazda.ino:69
  poprzedni_blad = blad;
 72a:	50 92 19 01 	sts	0x0119, r5	; 0x800119 <poprzedni_blad+0x1>
 72e:	40 92 18 01 	sts	0x0118, r4	; 0x800118 <poprzedni_blad>
C:\Users\user\Documents\Arduino\gitjazda/gitjazda.ino:72

  int moc_lewy  = V_BAZA + korekta;
  int moc_prawy = V_BAZA - korekta;
 732:	28 e7       	ldi	r18, 0x78	; 120
 734:	30 e0       	ldi	r19, 0x00	; 0
 736:	26 1b       	sub	r18, r22
 738:	37 0b       	sbc	r19, r23
C:\Users\user\Documents\Arduino\gitjazda/gitjazda.ino:71

  int rozniczka = blad - poprzedni_blad;
  int korekta = Kp * blad + Ki * calka + Kd * rozniczka;
  poprzedni_blad = blad;

  int moc_lewy  = V_BAZA + korekta;
 73a:	cb 01       	movw	r24, r22
 73c:	88 58       	subi	r24, 0x88	; 136
 73e:	9f 4f       	sbci	r25, 0xFF	; 255
C:\Users\user\Documents\Arduino\gitjazda/gitjazda.ino:74
  int moc_prawy = V_BAZA - korekta;

  move(moc_lewy, moc_prawy);
 740:	b9 01       	movw	r22, r18
 742:	49 c0       	rjmp	.+146    	; 0x7d6 <main+0x31e>
oblicz_pozycje():
C:\Users\user\Documents\Arduino\gitjazda/gitjazda.ino:95
  if (aktywnych == 0) return 10000;

  int pozycja = suma_wag / aktywnych;

  if (pozycja < 0) ostatni_kierunek = -1;
  else if (pozycja > 0) ostatni_kierunek = 1;
 744:	00 97       	sbiw	r24, 0x00	; 0
 746:	09 f4       	brne	.+2      	; 0x74a <main+0x292>
 748:	4e cf       	rjmp	.-356    	; 0x5e6 <main+0x12e>
 74a:	21 e0       	ldi	r18, 0x01	; 1
 74c:	30 e0       	ldi	r19, 0x00	; 0
 74e:	30 93 15 01 	sts	0x0115, r19	; 0x800115 <__data_end+0x1>
 752:	20 93 14 01 	sts	0x0114, r18	; 0x800114 <__data_end>
loop():
C:\Users\user\Documents\Arduino\gitjazda/gitjazda.ino:39
}

void loop() {
  int pozycja = oblicz_pozycje();

  if (pozycja == 10000) {
 756:	30 e1       	ldi	r19, 0x10	; 16
 758:	43 16       	cp	r4, r19
 75a:	37 e2       	ldi	r19, 0x27	; 39
 75c:	53 06       	cpc	r5, r19
 75e:	09 f0       	breq	.+2      	; 0x762 <main+0x2aa>
 760:	42 cf       	rjmp	.-380    	; 0x5e6 <main+0x12e>
C:\Users\user\Documents\Arduino\gitjazda/gitjazda.ino:40
    if (!szukanie_aktywne) {
 762:	11 11       	cpse	r17, r1
 764:	16 c0       	rjmp	.+44     	; 0x792 <main+0x2da>
millis():
C:\Users\user\AppData\Local\Arduino15\packages\MiniCore\hardware\avr\3.1.2\cores\MCUdude_corefiles/wiring.c:218
}

unsigned long millis()
{
  unsigned long m;
  uint8_t oldSREG = SREG;
 766:	2f b7       	in	r18, 0x3f	; 63
C:\Users\user\AppData\Local\Arduino15\packages\MiniCore\hardware\avr\3.1.2\cores\MCUdude_corefiles/wiring.c:222

  // disable interrupts while we read timer0_millis or we might get an
  // inconsistent value (e.g. in the middle of a write to timer0_millis)
  cli();
 768:	f8 94       	cli
C:\Users\user\AppData\Local\Arduino15\packages\MiniCore\hardware\avr\3.1.2\cores\MCUdude_corefiles/wiring.c:223
  m = timer0_millis;
 76a:	80 91 24 01 	lds	r24, 0x0124	; 0x800124 <timer0_millis>
 76e:	90 91 25 01 	lds	r25, 0x0125	; 0x800125 <timer0_millis+0x1>
 772:	a0 91 26 01 	lds	r26, 0x0126	; 0x800126 <timer0_millis+0x2>
 776:	b0 91 27 01 	lds	r27, 0x0127	; 0x800127 <timer0_millis+0x3>
C:\Users\user\AppData\Local\Arduino15\packages\MiniCore\hardware\avr\3.1.2\cores\MCUdude_corefiles/wiring.c:224
  SREG = oldSREG;
 77a:	2f bf       	out	0x3f, r18	; 63
loop():
C:\Users\user\Documents\Arduino\gitjazda/gitjazda.ino:41
      czas_zguby = millis();
 77c:	80 93 1e 01 	sts	0x011E, r24	; 0x80011e <czas_zguby>
 780:	90 93 1f 01 	sts	0x011F, r25	; 0x80011f <czas_zguby+0x1>
 784:	a0 93 20 01 	sts	0x0120, r26	; 0x800120 <czas_zguby+0x2>
 788:	b0 93 21 01 	sts	0x0121, r27	; 0x800121 <czas_zguby+0x3>
C:\Users\user\Documents\Arduino\gitjazda/gitjazda.ino:42
      szukanie_aktywne = true;
 78c:	61 e0       	ldi	r22, 0x01	; 1
 78e:	60 93 22 01 	sts	0x0122, r22	; 0x800122 <szukanie_aktywne>
millis():
C:\Users\user\AppData\Local\Arduino15\packages\MiniCore\hardware\avr\3.1.2\cores\MCUdude_corefiles/wiring.c:218
}

unsigned long millis()
{
  unsigned long m;
  uint8_t oldSREG = SREG;
 792:	8f b7       	in	r24, 0x3f	; 63
C:\Users\user\AppData\Local\Arduino15\packages\MiniCore\hardware\avr\3.1.2\cores\MCUdude_corefiles/wiring.c:222

  // disable interrupts while we read timer0_millis or we might get an
  // inconsistent value (e.g. in the middle of a write to timer0_millis)
  cli();
 794:	f8 94       	cli
C:\Users\user\AppData\Local\Arduino15\packages\MiniCore\hardware\avr\3.1.2\cores\MCUdude_corefiles/wiring.c:223
  m = timer0_millis;
 796:	c0 90 24 01 	lds	r12, 0x0124	; 0x800124 <timer0_millis>
 79a:	d0 90 25 01 	lds	r13, 0x0125	; 0x800125 <timer0_millis+0x1>
 79e:	e0 90 26 01 	lds	r14, 0x0126	; 0x800126 <timer0_millis+0x2>
 7a2:	f0 90 27 01 	lds	r15, 0x0127	; 0x800127 <timer0_millis+0x3>
C:\Users\user\AppData\Local\Arduino15\packages\MiniCore\hardware\avr\3.1.2\cores\MCUdude_corefiles/wiring.c:224
  SREG = oldSREG;
 7a6:	8f bf       	out	0x3f, r24	; 63
szukaj_linii():
C:\Users\user\Documents\Arduino\gitjazda/gitjazda.ino:101

  return pozycja;
}

void szukaj_linii() {
  unsigned long czas_szukania = millis() - czas_zguby;
 7a8:	80 91 1e 01 	lds	r24, 0x011E	; 0x80011e <czas_zguby>
 7ac:	90 91 1f 01 	lds	r25, 0x011F	; 0x80011f <czas_zguby+0x1>
 7b0:	a0 91 20 01 	lds	r26, 0x0120	; 0x800120 <czas_zguby+0x2>
 7b4:	b0 91 21 01 	lds	r27, 0x0121	; 0x800121 <czas_zguby+0x3>
 7b8:	c8 1a       	sub	r12, r24
 7ba:	d9 0a       	sbc	r13, r25
 7bc:	ea 0a       	sbc	r14, r26
 7be:	fb 0a       	sbc	r15, r27
C:\Users\user\Documents\Arduino\gitjazda/gitjazda.ino:106

  int predkosc = PREDKOSC_SZUKANIA + (int)(czas_szukania / 20);
  predkosc = constrain(predkosc, PREDKOSC_SZUKANIA, 200);

  if (czas_szukania > MAX_SZUKANIA * 2) {
 7c0:	81 ea       	ldi	r24, 0xA1	; 161
 7c2:	c8 16       	cp	r12, r24
 7c4:	8f e0       	ldi	r24, 0x0F	; 15
 7c6:	d8 06       	cpc	r13, r24
 7c8:	e1 04       	cpc	r14, r1
 7ca:	f1 04       	cpc	r15, r1
 7cc:	38 f0       	brcs	.+14     	; 0x7dc <main+0x324>
C:\Users\user\Documents\Arduino\gitjazda/gitjazda.ino:107
    move(0, 0);
 7ce:	70 e0       	ldi	r23, 0x00	; 0
 7d0:	60 e0       	ldi	r22, 0x00	; 0
 7d2:	90 e0       	ldi	r25, 0x00	; 0
 7d4:	80 e0       	ldi	r24, 0x00	; 0
loop():
C:\Users\user\Documents\Arduino\gitjazda/gitjazda.ino:74
  poprzedni_blad = blad;

  int moc_lewy  = V_BAZA + korekta;
  int moc_prawy = V_BAZA - korekta;

  move(moc_lewy, moc_prawy);
 7d6:	0e 94 b6 01 	call	0x36c	; 0x36c <move(int, int)>
 7da:	4a c0       	rjmp	.+148    	; 0x870 <main+0x3b8>
szukaj_linii():
C:\Users\user\Documents\Arduino\gitjazda/gitjazda.ino:103
}

void szukaj_linii() {
  unsigned long czas_szukania = millis() - czas_zguby;

  int predkosc = PREDKOSC_SZUKANIA + (int)(czas_szukania / 20);
 7dc:	c7 01       	movw	r24, r14
 7de:	b6 01       	movw	r22, r12
 7e0:	24 e1       	ldi	r18, 0x14	; 20
 7e2:	30 e0       	ldi	r19, 0x00	; 0
 7e4:	40 e0       	ldi	r20, 0x00	; 0
 7e6:	50 e0       	ldi	r21, 0x00	; 0
 7e8:	0e 94 14 06 	call	0xc28	; 0xc28 <__udivmodsi4>
 7ec:	2c 59       	subi	r18, 0x9C	; 156
 7ee:	3f 4f       	sbci	r19, 0xFF	; 255
 7f0:	29 3c       	cpi	r18, 0xC9	; 201
 7f2:	31 05       	cpc	r19, r1
 7f4:	14 f0       	brlt	.+4      	; 0x7fa <main+0x342>
 7f6:	28 ec       	ldi	r18, 0xC8	; 200
 7f8:	30 e0       	ldi	r19, 0x00	; 0
 7fa:	40 91 14 01 	lds	r20, 0x0114	; 0x800114 <__data_end>
 7fe:	50 91 15 01 	lds	r21, 0x0115	; 0x800115 <__data_end+0x1>
 802:	88 27       	eor	r24, r24
 804:	99 27       	eor	r25, r25
 806:	82 1b       	sub	r24, r18
 808:	93 0b       	sbc	r25, r19
C:\Users\user\Documents\Arduino\gitjazda/gitjazda.ino:111
  if (czas_szukania > MAX_SZUKANIA * 2) {
    move(0, 0);
    return;
  }

  if (czas_szukania > MAX_SZUKANIA) {
 80a:	e1 ed       	ldi	r30, 0xD1	; 209
 80c:	ce 16       	cp	r12, r30
 80e:	e7 e0       	ldi	r30, 0x07	; 7
 810:	de 06       	cpc	r13, r30
 812:	e1 04       	cpc	r14, r1
 814:	f1 04       	cpc	r15, r1
 816:	30 f0       	brcs	.+12     	; 0x824 <main+0x36c>
C:\Users\user\Documents\Arduino\gitjazda/gitjazda.ino:112
    if (ostatni_kierunek == -1) move(predkosc, -predkosc);
 818:	4f 3f       	cpi	r20, 0xFF	; 255
 81a:	5f 4f       	sbci	r21, 0xFF	; 255
 81c:	31 f4       	brne	.+12     	; 0x82a <main+0x372>
C:\Users\user\Documents\Arduino\gitjazda/gitjazda.ino:116
    else move(-predkosc, predkosc);
  } else {
    if (ostatni_kierunek == -1) move(-predkosc, predkosc);
    else move(predkosc, -predkosc);
 81e:	bc 01       	movw	r22, r24
 820:	c9 01       	movw	r24, r18
 822:	04 c0       	rjmp	.+8      	; 0x82c <main+0x374>
C:\Users\user\Documents\Arduino\gitjazda/gitjazda.ino:115

  if (czas_szukania > MAX_SZUKANIA) {
    if (ostatni_kierunek == -1) move(predkosc, -predkosc);
    else move(-predkosc, predkosc);
  } else {
    if (ostatni_kierunek == -1) move(-predkosc, predkosc);
 824:	4f 3f       	cpi	r20, 0xFF	; 255
 826:	5f 4f       	sbci	r21, 0xFF	; 255
 828:	d1 f7       	brne	.-12     	; 0x81e <main+0x366>
 82a:	b9 01       	movw	r22, r18
C:\Users\user\Documents\Arduino\gitjazda/gitjazda.ino:116
    else move(predkosc, -predkosc);
 82c:	0e 94 b6 01 	call	0x36c	; 0x36c <move(int, int)>
C:\Users\user\Documents\Arduino\gitjazda/gitjazda.ino:120
  }

  // Gdy środkowy czujnik trafi na linię — zatrzymaj i wycentruj
  int srodek = analogRead(A2);
 830:	80 e1       	ldi	r24, 0x10	; 16
 832:	0e 94 47 01 	call	0x28e	; 0x28e <analogRead>
C:\Users\user\Documents\Arduino\gitjazda/gitjazda.ino:121
  if (srodek < PROG_LINII) {
 836:	82 35       	cpi	r24, 0x52	; 82
 838:	93 40       	sbci	r25, 0x03	; 3
 83a:	d4 f4       	brge	.+52     	; 0x870 <main+0x3b8>
C:\Users\user\Documents\Arduino\gitjazda/gitjazda.ino:122
    move(0, 0);
 83c:	70 e0       	ldi	r23, 0x00	; 0
 83e:	60 e0       	ldi	r22, 0x00	; 0
 840:	90 e0       	ldi	r25, 0x00	; 0
 842:	80 e0       	ldi	r24, 0x00	; 0
 844:	0e 94 b6 01 	call	0x36c	; 0x36c <move(int, int)>
C:\Users\user\Documents\Arduino\gitjazda/gitjazda.ino:123
    delay(50);
 848:	62 e3       	ldi	r22, 0x32	; 50
 84a:	70 e0       	ldi	r23, 0x00	; 0
 84c:	80 e0       	ldi	r24, 0x00	; 0
 84e:	90 e0       	ldi	r25, 0x00	; 0
 850:	0e 94 84 01 	call	0x308	; 0x308 <delay>
C:\Users\user\Documents\Arduino\gitjazda/gitjazda.ino:124
    szukanie_aktywne = false;
 854:	10 92 22 01 	sts	0x0122, r1	; 0x800122 <szukanie_aktywne>
C:\Users\user\Documents\Arduino\gitjazda/gitjazda.ino:125
    calka = 0;
 858:	10 92 1a 01 	sts	0x011A, r1	; 0x80011a <calka>
 85c:	10 92 1b 01 	sts	0x011B, r1	; 0x80011b <calka+0x1>
 860:	10 92 1c 01 	sts	0x011C, r1	; 0x80011c <calka+0x2>
 864:	10 92 1d 01 	sts	0x011D, r1	; 0x80011d <calka+0x3>
C:\Users\user\Documents\Arduino\gitjazda/gitjazda.ino:126
    poprzedni_blad = 0;
 868:	10 92 19 01 	sts	0x0119, r1	; 0x800119 <poprzedni_blad+0x1>
 86c:	10 92 18 01 	sts	0x0118, r1	; 0x800118 <poprzedni_blad>
main():
C:\Users\user\AppData\Local\Arduino15\packages\MiniCore\hardware\avr\3.1.2\cores\MCUdude_corefiles/main.cpp:47
  
  setup();
    
  for (;;) {
    loop();
    if (serialEventRun) serialEventRun();
 870:	20 e0       	ldi	r18, 0x00	; 0
 872:	30 e0       	ldi	r19, 0x00	; 0
 874:	23 2b       	or	r18, r19
 876:	09 f4       	brne	.+2      	; 0x87a <main+0x3c2>
 878:	6d ce       	rjmp	.-806    	; 0x554 <main+0x9c>
 87a:	0e 94 00 00 	call	0	; 0x0 <__vectors>
 87e:	6a ce       	rjmp	.-812    	; 0x554 <main+0x9c>
C:\Users\user\AppData\Local\Arduino15\packages\MiniCore\hardware\avr\3.1.2\cores\MCUdude_corefiles/Arduino.h:345
 880:	c1 2c       	mov	r12, r1
 882:	80 e8       	ldi	r24, 0x80	; 128
 884:	d8 2e       	mov	r13, r24
 886:	8b e3       	ldi	r24, 0x3B	; 59
 888:	e8 2e       	mov	r14, r24
 88a:	85 ec       	ldi	r24, 0xC5	; 197
 88c:	f8 2e       	mov	r15, r24
 88e:	0d cf       	rjmp	.-486    	; 0x6aa <main+0x1f2>

00000890 <__subsf3>:
__subsf3():
 890:	50 58       	subi	r21, 0x80	; 128

00000892 <__addsf3>:
 892:	bb 27       	eor	r27, r27
 894:	aa 27       	eor	r26, r26
 896:	0e 94 60 04 	call	0x8c0	; 0x8c0 <__addsf3x>
 89a:	0c 94 68 05 	jmp	0xad0	; 0xad0 <__fp_round>
__addsf3():
 89e:	0e 94 5a 05 	call	0xab4	; 0xab4 <__fp_pscA>
 8a2:	38 f0       	brcs	.+14     	; 0x8b2 <__addsf3+0x20>
 8a4:	0e 94 61 05 	call	0xac2	; 0xac2 <__fp_pscB>
 8a8:	20 f0       	brcs	.+8      	; 0x8b2 <__addsf3+0x20>
 8aa:	39 f4       	brne	.+14     	; 0x8ba <__addsf3+0x28>
 8ac:	9f 3f       	cpi	r25, 0xFF	; 255
 8ae:	19 f4       	brne	.+6      	; 0x8b6 <__addsf3+0x24>
 8b0:	26 f4       	brtc	.+8      	; 0x8ba <__addsf3+0x28>
 8b2:	0c 94 57 05 	jmp	0xaae	; 0xaae <__fp_nan>
 8b6:	0e f4       	brtc	.+2      	; 0x8ba <__addsf3+0x28>
 8b8:	e0 95       	com	r30
 8ba:	e7 fb       	bst	r30, 7
 8bc:	0c 94 51 05 	jmp	0xaa2	; 0xaa2 <__fp_inf>

000008c0 <__addsf3x>:
__addsf3x():
 8c0:	e9 2f       	mov	r30, r25
 8c2:	0e 94 79 05 	call	0xaf2	; 0xaf2 <__fp_split3>
 8c6:	58 f3       	brcs	.-42     	; 0x89e <__addsf3+0xc>
 8c8:	ba 17       	cp	r27, r26
 8ca:	62 07       	cpc	r22, r18
 8cc:	73 07       	cpc	r23, r19
 8ce:	84 07       	cpc	r24, r20
 8d0:	95 07       	cpc	r25, r21
 8d2:	20 f0       	brcs	.+8      	; 0x8dc <__addsf3x+0x1c>
 8d4:	79 f4       	brne	.+30     	; 0x8f4 <__addsf3x+0x34>
 8d6:	a6 f5       	brtc	.+104    	; 0x940 <__stack+0x41>
 8d8:	0c 94 9b 05 	jmp	0xb36	; 0xb36 <__fp_zero>
 8dc:	0e f4       	brtc	.+2      	; 0x8e0 <__addsf3x+0x20>
 8de:	e0 95       	com	r30
 8e0:	0b 2e       	mov	r0, r27
 8e2:	ba 2f       	mov	r27, r26
 8e4:	a0 2d       	mov	r26, r0
 8e6:	0b 01       	movw	r0, r22
 8e8:	b9 01       	movw	r22, r18
 8ea:	90 01       	movw	r18, r0
 8ec:	0c 01       	movw	r0, r24
 8ee:	ca 01       	movw	r24, r20
 8f0:	a0 01       	movw	r20, r0
 8f2:	11 24       	eor	r1, r1
 8f4:	ff 27       	eor	r31, r31
 8f6:	59 1b       	sub	r21, r25
 8f8:	99 f0       	breq	.+38     	; 0x920 <__stack+0x21>
 8fa:	59 3f       	cpi	r21, 0xF9	; 249
 8fc:	50 f4       	brcc	.+20     	; 0x912 <__stack+0x13>
 8fe:	50 3e       	cpi	r21, 0xE0	; 224
 900:	68 f1       	brcs	.+90     	; 0x95c <__stack+0x5d>
 902:	1a 16       	cp	r1, r26
 904:	f0 40       	sbci	r31, 0x00	; 0
 906:	a2 2f       	mov	r26, r18
 908:	23 2f       	mov	r18, r19
 90a:	34 2f       	mov	r19, r20
 90c:	44 27       	eor	r20, r20
 90e:	58 5f       	subi	r21, 0xF8	; 248
 910:	f3 cf       	rjmp	.-26     	; 0x8f8 <__addsf3x+0x38>
 912:	46 95       	lsr	r20
 914:	37 95       	ror	r19
 916:	27 95       	ror	r18
 918:	a7 95       	ror	r26
 91a:	f0 40       	sbci	r31, 0x00	; 0
 91c:	53 95       	inc	r21
 91e:	c9 f7       	brne	.-14     	; 0x912 <__stack+0x13>
 920:	7e f4       	brtc	.+30     	; 0x940 <__stack+0x41>
 922:	1f 16       	cp	r1, r31
 924:	ba 0b       	sbc	r27, r26
 926:	62 0b       	sbc	r22, r18
 928:	73 0b       	sbc	r23, r19
 92a:	84 0b       	sbc	r24, r20
 92c:	ba f0       	brmi	.+46     	; 0x95c <__stack+0x5d>
 92e:	91 50       	subi	r25, 0x01	; 1
 930:	a1 f0       	breq	.+40     	; 0x95a <__stack+0x5b>
 932:	ff 0f       	add	r31, r31
 934:	bb 1f       	adc	r27, r27
 936:	66 1f       	adc	r22, r22
 938:	77 1f       	adc	r23, r23
 93a:	88 1f       	adc	r24, r24
 93c:	c2 f7       	brpl	.-16     	; 0x92e <__stack+0x2f>
 93e:	0e c0       	rjmp	.+28     	; 0x95c <__stack+0x5d>
 940:	ba 0f       	add	r27, r26
 942:	62 1f       	adc	r22, r18
 944:	73 1f       	adc	r23, r19
 946:	84 1f       	adc	r24, r20
 948:	48 f4       	brcc	.+18     	; 0x95c <__stack+0x5d>
 94a:	87 95       	ror	r24
 94c:	77 95       	ror	r23
 94e:	67 95       	ror	r22
 950:	b7 95       	ror	r27
 952:	f7 95       	ror	r31
 954:	9e 3f       	cpi	r25, 0xFE	; 254
 956:	08 f0       	brcs	.+2      	; 0x95a <__stack+0x5b>
 958:	b0 cf       	rjmp	.-160    	; 0x8ba <__addsf3+0x28>
 95a:	93 95       	inc	r25
 95c:	88 0f       	add	r24, r24
 95e:	08 f0       	brcs	.+2      	; 0x962 <__stack+0x63>
 960:	99 27       	eor	r25, r25
 962:	ee 0f       	add	r30, r30
 964:	97 95       	ror	r25
 966:	87 95       	ror	r24
 968:	08 95       	ret

0000096a <__cmpsf2>:
 96a:	0e 94 2d 05 	call	0xa5a	; 0xa5a <__fp_cmp>
 96e:	08 f4       	brcc	.+2      	; 0x972 <__cmpsf2+0x8>
 970:	81 e0       	ldi	r24, 0x01	; 1
 972:	08 95       	ret

00000974 <__fixsfsi>:
 974:	0e 94 c1 04 	call	0x982	; 0x982 <__fixunssfsi>
 978:	68 94       	set
 97a:	b1 11       	cpse	r27, r1
 97c:	0c 94 9c 05 	jmp	0xb38	; 0xb38 <__fp_szero>
 980:	08 95       	ret

00000982 <__fixunssfsi>:
 982:	0e 94 81 05 	call	0xb02	; 0xb02 <__fp_splitA>
 986:	88 f0       	brcs	.+34     	; 0x9aa <__fixunssfsi+0x28>
 988:	9f 57       	subi	r25, 0x7F	; 127
 98a:	98 f0       	brcs	.+38     	; 0x9b2 <__fixunssfsi+0x30>
__fixunssfsi():
 98c:	b9 2f       	mov	r27, r25
 98e:	99 27       	eor	r25, r25
 990:	b7 51       	subi	r27, 0x17	; 23
 992:	b0 f0       	brcs	.+44     	; 0x9c0 <__fixunssfsi+0x3e>
 994:	e1 f0       	breq	.+56     	; 0x9ce <__fixunssfsi+0x4c>
 996:	66 0f       	add	r22, r22
 998:	77 1f       	adc	r23, r23
 99a:	88 1f       	adc	r24, r24
 99c:	99 1f       	adc	r25, r25
 99e:	1a f0       	brmi	.+6      	; 0x9a6 <__fixunssfsi+0x24>
 9a0:	ba 95       	dec	r27
 9a2:	c9 f7       	brne	.-14     	; 0x996 <__fixunssfsi+0x14>
 9a4:	14 c0       	rjmp	.+40     	; 0x9ce <__fixunssfsi+0x4c>
 9a6:	b1 30       	cpi	r27, 0x01	; 1
 9a8:	91 f0       	breq	.+36     	; 0x9ce <__fixunssfsi+0x4c>
 9aa:	0e 94 9b 05 	call	0xb36	; 0xb36 <__fp_zero>
 9ae:	b1 e0       	ldi	r27, 0x01	; 1
 9b0:	08 95       	ret
 9b2:	0c 94 9b 05 	jmp	0xb36	; 0xb36 <__fp_zero>
 9b6:	67 2f       	mov	r22, r23
 9b8:	78 2f       	mov	r23, r24
 9ba:	88 27       	eor	r24, r24
 9bc:	b8 5f       	subi	r27, 0xF8	; 248
 9be:	39 f0       	breq	.+14     	; 0x9ce <__fixunssfsi+0x4c>
 9c0:	b9 3f       	cpi	r27, 0xF9	; 249
 9c2:	cc f3       	brlt	.-14     	; 0x9b6 <__fixunssfsi+0x34>
 9c4:	86 95       	lsr	r24
 9c6:	77 95       	ror	r23
 9c8:	67 95       	ror	r22
 9ca:	b3 95       	inc	r27
 9cc:	d9 f7       	brne	.-10     	; 0x9c4 <__fixunssfsi+0x42>
 9ce:	3e f4       	brtc	.+14     	; 0x9de <__fixunssfsi+0x5c>
 9d0:	90 95       	com	r25
 9d2:	80 95       	com	r24
 9d4:	70 95       	com	r23
 9d6:	61 95       	neg	r22
 9d8:	7f 4f       	sbci	r23, 0xFF	; 255
 9da:	8f 4f       	sbci	r24, 0xFF	; 255
 9dc:	9f 4f       	sbci	r25, 0xFF	; 255
 9de:	08 95       	ret

000009e0 <__floatunsisf>:
__floatunsisf():
 9e0:	e8 94       	clt
 9e2:	09 c0       	rjmp	.+18     	; 0x9f6 <__floatsisf+0x12>

000009e4 <__floatsisf>:
 9e4:	97 fb       	bst	r25, 7
 9e6:	3e f4       	brtc	.+14     	; 0x9f6 <__floatsisf+0x12>
 9e8:	90 95       	com	r25
 9ea:	80 95       	com	r24
 9ec:	70 95       	com	r23
 9ee:	61 95       	neg	r22
 9f0:	7f 4f       	sbci	r23, 0xFF	; 255
 9f2:	8f 4f       	sbci	r24, 0xFF	; 255
 9f4:	9f 4f       	sbci	r25, 0xFF	; 255
 9f6:	99 23       	and	r25, r25
 9f8:	a9 f0       	breq	.+42     	; 0xa24 <__floatsisf+0x40>
 9fa:	f9 2f       	mov	r31, r25
 9fc:	96 e9       	ldi	r25, 0x96	; 150
 9fe:	bb 27       	eor	r27, r27
 a00:	93 95       	inc	r25
 a02:	f6 95       	lsr	r31
 a04:	87 95       	ror	r24
 a06:	77 95       	ror	r23
 a08:	67 95       	ror	r22
 a0a:	b7 95       	ror	r27
 a0c:	f1 11       	cpse	r31, r1
 a0e:	f8 cf       	rjmp	.-16     	; 0xa00 <__floatsisf+0x1c>
 a10:	fa f4       	brpl	.+62     	; 0xa50 <__floatsisf+0x6c>
 a12:	bb 0f       	add	r27, r27
 a14:	11 f4       	brne	.+4      	; 0xa1a <__floatsisf+0x36>
 a16:	60 ff       	sbrs	r22, 0
 a18:	1b c0       	rjmp	.+54     	; 0xa50 <__floatsisf+0x6c>
 a1a:	6f 5f       	subi	r22, 0xFF	; 255
 a1c:	7f 4f       	sbci	r23, 0xFF	; 255
 a1e:	8f 4f       	sbci	r24, 0xFF	; 255
 a20:	9f 4f       	sbci	r25, 0xFF	; 255
 a22:	16 c0       	rjmp	.+44     	; 0xa50 <__floatsisf+0x6c>
 a24:	88 23       	and	r24, r24
 a26:	11 f0       	breq	.+4      	; 0xa2c <__floatsisf+0x48>
 a28:	96 e9       	ldi	r25, 0x96	; 150
 a2a:	11 c0       	rjmp	.+34     	; 0xa4e <__floatsisf+0x6a>
 a2c:	77 23       	and	r23, r23
 a2e:	21 f0       	breq	.+8      	; 0xa38 <__floatsisf+0x54>
 a30:	9e e8       	ldi	r25, 0x8E	; 142
 a32:	87 2f       	mov	r24, r23
 a34:	76 2f       	mov	r23, r22
 a36:	05 c0       	rjmp	.+10     	; 0xa42 <__floatsisf+0x5e>
 a38:	66 23       	and	r22, r22
 a3a:	71 f0       	breq	.+28     	; 0xa58 <__floatsisf+0x74>
 a3c:	96 e8       	ldi	r25, 0x86	; 134
 a3e:	86 2f       	mov	r24, r22
 a40:	70 e0       	ldi	r23, 0x00	; 0
 a42:	60 e0       	ldi	r22, 0x00	; 0
 a44:	2a f0       	brmi	.+10     	; 0xa50 <__floatsisf+0x6c>
 a46:	9a 95       	dec	r25
 a48:	66 0f       	add	r22, r22
 a4a:	77 1f       	adc	r23, r23
 a4c:	88 1f       	adc	r24, r24
 a4e:	da f7       	brpl	.-10     	; 0xa46 <__floatsisf+0x62>
 a50:	88 0f       	add	r24, r24
 a52:	96 95       	lsr	r25
 a54:	87 95       	ror	r24
 a56:	97 f9       	bld	r25, 7
 a58:	08 95       	ret

00000a5a <__fp_cmp>:
__fp_cmp():
 a5a:	99 0f       	add	r25, r25
 a5c:	00 08       	sbc	r0, r0
 a5e:	55 0f       	add	r21, r21
 a60:	aa 0b       	sbc	r26, r26
 a62:	e0 e8       	ldi	r30, 0x80	; 128
 a64:	fe ef       	ldi	r31, 0xFE	; 254
 a66:	16 16       	cp	r1, r22
 a68:	17 06       	cpc	r1, r23
 a6a:	e8 07       	cpc	r30, r24
 a6c:	f9 07       	cpc	r31, r25
 a6e:	c0 f0       	brcs	.+48     	; 0xaa0 <__fp_cmp+0x46>
 a70:	12 16       	cp	r1, r18
 a72:	13 06       	cpc	r1, r19
 a74:	e4 07       	cpc	r30, r20
 a76:	f5 07       	cpc	r31, r21
 a78:	98 f0       	brcs	.+38     	; 0xaa0 <__fp_cmp+0x46>
 a7a:	62 1b       	sub	r22, r18
 a7c:	73 0b       	sbc	r23, r19
 a7e:	84 0b       	sbc	r24, r20
 a80:	95 0b       	sbc	r25, r21
 a82:	39 f4       	brne	.+14     	; 0xa92 <__fp_cmp+0x38>
 a84:	0a 26       	eor	r0, r26
 a86:	61 f0       	breq	.+24     	; 0xaa0 <__fp_cmp+0x46>
 a88:	23 2b       	or	r18, r19
 a8a:	24 2b       	or	r18, r20
 a8c:	25 2b       	or	r18, r21
 a8e:	21 f4       	brne	.+8      	; 0xa98 <__fp_cmp+0x3e>
 a90:	08 95       	ret
 a92:	0a 26       	eor	r0, r26
 a94:	09 f4       	brne	.+2      	; 0xa98 <__fp_cmp+0x3e>
 a96:	a1 40       	sbci	r26, 0x01	; 1
 a98:	a6 95       	lsr	r26
 a9a:	8f ef       	ldi	r24, 0xFF	; 255
 a9c:	81 1d       	adc	r24, r1
 a9e:	81 1d       	adc	r24, r1
 aa0:	08 95       	ret

00000aa2 <__fp_inf>:
__fp_inf():
 aa2:	97 f9       	bld	r25, 7
 aa4:	9f 67       	ori	r25, 0x7F	; 127
 aa6:	80 e8       	ldi	r24, 0x80	; 128
 aa8:	70 e0       	ldi	r23, 0x00	; 0
 aaa:	60 e0       	ldi	r22, 0x00	; 0
 aac:	08 95       	ret

00000aae <__fp_nan>:
__fp_nan():
 aae:	9f ef       	ldi	r25, 0xFF	; 255
 ab0:	80 ec       	ldi	r24, 0xC0	; 192
 ab2:	08 95       	ret

00000ab4 <__fp_pscA>:
__fp_pscA():
 ab4:	00 24       	eor	r0, r0
 ab6:	0a 94       	dec	r0
 ab8:	16 16       	cp	r1, r22
 aba:	17 06       	cpc	r1, r23
 abc:	18 06       	cpc	r1, r24
 abe:	09 06       	cpc	r0, r25
 ac0:	08 95       	ret

00000ac2 <__fp_pscB>:
__fp_pscB():
 ac2:	00 24       	eor	r0, r0
 ac4:	0a 94       	dec	r0
 ac6:	12 16       	cp	r1, r18
 ac8:	13 06       	cpc	r1, r19
 aca:	14 06       	cpc	r1, r20
 acc:	05 06       	cpc	r0, r21
 ace:	08 95       	ret

00000ad0 <__fp_round>:
__fp_round():
 ad0:	09 2e       	mov	r0, r25
 ad2:	03 94       	inc	r0
 ad4:	00 0c       	add	r0, r0
 ad6:	11 f4       	brne	.+4      	; 0xadc <__fp_round+0xc>
 ad8:	88 23       	and	r24, r24
 ada:	52 f0       	brmi	.+20     	; 0xaf0 <__fp_round+0x20>
 adc:	bb 0f       	add	r27, r27
 ade:	40 f4       	brcc	.+16     	; 0xaf0 <__fp_round+0x20>
 ae0:	bf 2b       	or	r27, r31
 ae2:	11 f4       	brne	.+4      	; 0xae8 <__fp_round+0x18>
 ae4:	60 ff       	sbrs	r22, 0
 ae6:	04 c0       	rjmp	.+8      	; 0xaf0 <__fp_round+0x20>
 ae8:	6f 5f       	subi	r22, 0xFF	; 255
 aea:	7f 4f       	sbci	r23, 0xFF	; 255
 aec:	8f 4f       	sbci	r24, 0xFF	; 255
 aee:	9f 4f       	sbci	r25, 0xFF	; 255
 af0:	08 95       	ret

00000af2 <__fp_split3>:
__fp_split3():
 af2:	57 fd       	sbrc	r21, 7
 af4:	90 58       	subi	r25, 0x80	; 128
 af6:	44 0f       	add	r20, r20
 af8:	55 1f       	adc	r21, r21
 afa:	59 f0       	breq	.+22     	; 0xb12 <__fp_splitA+0x10>
 afc:	5f 3f       	cpi	r21, 0xFF	; 255
 afe:	71 f0       	breq	.+28     	; 0xb1c <__fp_splitA+0x1a>
 b00:	47 95       	ror	r20

00000b02 <__fp_splitA>:
 b02:	88 0f       	add	r24, r24
 b04:	97 fb       	bst	r25, 7
 b06:	99 1f       	adc	r25, r25
 b08:	61 f0       	breq	.+24     	; 0xb22 <__fp_splitA+0x20>
 b0a:	9f 3f       	cpi	r25, 0xFF	; 255
 b0c:	79 f0       	breq	.+30     	; 0xb2c <__fp_splitA+0x2a>
 b0e:	87 95       	ror	r24
 b10:	08 95       	ret
 b12:	12 16       	cp	r1, r18
 b14:	13 06       	cpc	r1, r19
 b16:	14 06       	cpc	r1, r20
 b18:	55 1f       	adc	r21, r21
 b1a:	f2 cf       	rjmp	.-28     	; 0xb00 <__fp_split3+0xe>
 b1c:	46 95       	lsr	r20
 b1e:	f1 df       	rcall	.-30     	; 0xb02 <__fp_splitA>
 b20:	08 c0       	rjmp	.+16     	; 0xb32 <__fp_splitA+0x30>
 b22:	16 16       	cp	r1, r22
 b24:	17 06       	cpc	r1, r23
 b26:	18 06       	cpc	r1, r24
 b28:	99 1f       	adc	r25, r25
 b2a:	f1 cf       	rjmp	.-30     	; 0xb0e <__fp_splitA+0xc>
 b2c:	86 95       	lsr	r24
 b2e:	71 05       	cpc	r23, r1
 b30:	61 05       	cpc	r22, r1
 b32:	08 94       	sec
 b34:	08 95       	ret

00000b36 <__fp_zero>:
__fp_zero():
 b36:	e8 94       	clt

00000b38 <__fp_szero>:
 b38:	bb 27       	eor	r27, r27
 b3a:	66 27       	eor	r22, r22
 b3c:	77 27       	eor	r23, r23
 b3e:	cb 01       	movw	r24, r22
 b40:	97 f9       	bld	r25, 7
 b42:	08 95       	ret

00000b44 <__gesf2>:
__gesf2():
 b44:	0e 94 2d 05 	call	0xa5a	; 0xa5a <__fp_cmp>
 b48:	08 f4       	brcc	.+2      	; 0xb4c <__gesf2+0x8>
 b4a:	8f ef       	ldi	r24, 0xFF	; 255
 b4c:	08 95       	ret

00000b4e <__mulsf3>:
__mulsf3():
 b4e:	0e 94 ba 05 	call	0xb74	; 0xb74 <__mulsf3x>
 b52:	0c 94 68 05 	jmp	0xad0	; 0xad0 <__fp_round>
 b56:	0e 94 5a 05 	call	0xab4	; 0xab4 <__fp_pscA>
 b5a:	38 f0       	brcs	.+14     	; 0xb6a <__mulsf3+0x1c>
 b5c:	0e 94 61 05 	call	0xac2	; 0xac2 <__fp_pscB>
 b60:	20 f0       	brcs	.+8      	; 0xb6a <__mulsf3+0x1c>
 b62:	95 23       	and	r25, r21
 b64:	11 f0       	breq	.+4      	; 0xb6a <__mulsf3+0x1c>
 b66:	0c 94 51 05 	jmp	0xaa2	; 0xaa2 <__fp_inf>
 b6a:	0c 94 57 05 	jmp	0xaae	; 0xaae <__fp_nan>
 b6e:	11 24       	eor	r1, r1
 b70:	0c 94 9c 05 	jmp	0xb38	; 0xb38 <__fp_szero>

00000b74 <__mulsf3x>:
__mulsf3x():
 b74:	0e 94 79 05 	call	0xaf2	; 0xaf2 <__fp_split3>
 b78:	70 f3       	brcs	.-36     	; 0xb56 <__mulsf3+0x8>

00000b7a <__mulsf3_pse>:
 b7a:	95 9f       	mul	r25, r21
 b7c:	c1 f3       	breq	.-16     	; 0xb6e <__mulsf3+0x20>
 b7e:	95 0f       	add	r25, r21
 b80:	50 e0       	ldi	r21, 0x00	; 0
 b82:	55 1f       	adc	r21, r21
 b84:	62 9f       	mul	r22, r18
 b86:	f0 01       	movw	r30, r0
 b88:	72 9f       	mul	r23, r18
 b8a:	bb 27       	eor	r27, r27
 b8c:	f0 0d       	add	r31, r0
 b8e:	b1 1d       	adc	r27, r1
 b90:	63 9f       	mul	r22, r19
 b92:	aa 27       	eor	r26, r26
 b94:	f0 0d       	add	r31, r0
 b96:	b1 1d       	adc	r27, r1
 b98:	aa 1f       	adc	r26, r26
 b9a:	64 9f       	mul	r22, r20
 b9c:	66 27       	eor	r22, r22
 b9e:	b0 0d       	add	r27, r0
 ba0:	a1 1d       	adc	r26, r1
 ba2:	66 1f       	adc	r22, r22
 ba4:	82 9f       	mul	r24, r18
 ba6:	22 27       	eor	r18, r18
 ba8:	b0 0d       	add	r27, r0
 baa:	a1 1d       	adc	r26, r1
 bac:	62 1f       	adc	r22, r18
 bae:	73 9f       	mul	r23, r19
 bb0:	b0 0d       	add	r27, r0
 bb2:	a1 1d       	adc	r26, r1
 bb4:	62 1f       	adc	r22, r18
 bb6:	83 9f       	mul	r24, r19
 bb8:	a0 0d       	add	r26, r0
 bba:	61 1d       	adc	r22, r1
 bbc:	22 1f       	adc	r18, r18
 bbe:	74 9f       	mul	r23, r20
 bc0:	33 27       	eor	r19, r19
 bc2:	a0 0d       	add	r26, r0
 bc4:	61 1d       	adc	r22, r1
 bc6:	23 1f       	adc	r18, r19
 bc8:	84 9f       	mul	r24, r20
 bca:	60 0d       	add	r22, r0
 bcc:	21 1d       	adc	r18, r1
 bce:	82 2f       	mov	r24, r18
 bd0:	76 2f       	mov	r23, r22
 bd2:	6a 2f       	mov	r22, r26
 bd4:	11 24       	eor	r1, r1
 bd6:	9f 57       	subi	r25, 0x7F	; 127
 bd8:	50 40       	sbci	r21, 0x00	; 0
 bda:	9a f0       	brmi	.+38     	; 0xc02 <__mulsf3_pse+0x88>
 bdc:	f1 f0       	breq	.+60     	; 0xc1a <__mulsf3_pse+0xa0>
 bde:	88 23       	and	r24, r24
 be0:	4a f0       	brmi	.+18     	; 0xbf4 <__mulsf3_pse+0x7a>
 be2:	ee 0f       	add	r30, r30
 be4:	ff 1f       	adc	r31, r31
 be6:	bb 1f       	adc	r27, r27
 be8:	66 1f       	adc	r22, r22
 bea:	77 1f       	adc	r23, r23
 bec:	88 1f       	adc	r24, r24
 bee:	91 50       	subi	r25, 0x01	; 1
 bf0:	50 40       	sbci	r21, 0x00	; 0
 bf2:	a9 f7       	brne	.-22     	; 0xbde <__mulsf3_pse+0x64>
 bf4:	9e 3f       	cpi	r25, 0xFE	; 254
 bf6:	51 05       	cpc	r21, r1
 bf8:	80 f0       	brcs	.+32     	; 0xc1a <__mulsf3_pse+0xa0>
 bfa:	0c 94 51 05 	jmp	0xaa2	; 0xaa2 <__fp_inf>
 bfe:	0c 94 9c 05 	jmp	0xb38	; 0xb38 <__fp_szero>
 c02:	5f 3f       	cpi	r21, 0xFF	; 255
 c04:	e4 f3       	brlt	.-8      	; 0xbfe <__mulsf3_pse+0x84>
 c06:	98 3e       	cpi	r25, 0xE8	; 232
 c08:	d4 f3       	brlt	.-12     	; 0xbfe <__mulsf3_pse+0x84>
 c0a:	86 95       	lsr	r24
 c0c:	77 95       	ror	r23
 c0e:	67 95       	ror	r22
 c10:	b7 95       	ror	r27
 c12:	f7 95       	ror	r31
 c14:	e7 95       	ror	r30
 c16:	9f 5f       	subi	r25, 0xFF	; 255
 c18:	c1 f7       	brne	.-16     	; 0xc0a <__mulsf3_pse+0x90>
 c1a:	fe 2b       	or	r31, r30
 c1c:	88 0f       	add	r24, r24
 c1e:	91 1d       	adc	r25, r1
 c20:	96 95       	lsr	r25
 c22:	87 95       	ror	r24
 c24:	97 f9       	bld	r25, 7
 c26:	08 95       	ret

00000c28 <__udivmodsi4>:
/home/jenkins-mingw32/workspace/avr-gcc-staging/label/Ubuntu14.04x64-mingw32/gcc-build/avr/avr5/libgcc/../../../../gcc/libgcc/config/avr/lib1funcs.S:1638
 c28:	a1 e2       	ldi	r26, 0x21	; 33
/home/jenkins-mingw32/workspace/avr-gcc-staging/label/Ubuntu14.04x64-mingw32/gcc-build/avr/avr5/libgcc/../../../../gcc/libgcc/config/avr/lib1funcs.S:1639
 c2a:	1a 2e       	mov	r1, r26
/home/jenkins-mingw32/workspace/avr-gcc-staging/label/Ubuntu14.04x64-mingw32/gcc-build/avr/avr5/libgcc/../../../../gcc/libgcc/config/avr/lib1funcs.S:1640
 c2c:	aa 1b       	sub	r26, r26
/home/jenkins-mingw32/workspace/avr-gcc-staging/label/Ubuntu14.04x64-mingw32/gcc-build/avr/avr5/libgcc/../../../../gcc/libgcc/config/avr/lib1funcs.S:1641
 c2e:	bb 1b       	sub	r27, r27
/home/jenkins-mingw32/workspace/avr-gcc-staging/label/Ubuntu14.04x64-mingw32/gcc-build/avr/avr5/libgcc/../../../../gcc/libgcc/config/avr/lib1funcs.S:1642
 c30:	fd 01       	movw	r30, r26
/home/jenkins-mingw32/workspace/avr-gcc-staging/label/Ubuntu14.04x64-mingw32/gcc-build/avr/avr5/libgcc/../../../../gcc/libgcc/config/avr/lib1funcs.S:1644
 c32:	0d c0       	rjmp	.+26     	; 0xc4e <__udivmodsi4_ep>

00000c34 <__udivmodsi4_loop>:
/home/jenkins-mingw32/workspace/avr-gcc-staging/label/Ubuntu14.04x64-mingw32/gcc-build/avr/avr5/libgcc/../../../../gcc/libgcc/config/avr/lib1funcs.S:1646
 c34:	aa 1f       	adc	r26, r26
/home/jenkins-mingw32/workspace/avr-gcc-staging/label/Ubuntu14.04x64-mingw32/gcc-build/avr/avr5/libgcc/../../../../gcc/libgcc/config/avr/lib1funcs.S:1647
 c36:	bb 1f       	adc	r27, r27
/home/jenkins-mingw32/workspace/avr-gcc-staging/label/Ubuntu14.04x64-mingw32/gcc-build/avr/avr5/libgcc/../../../../gcc/libgcc/config/avr/lib1funcs.S:1648
 c38:	ee 1f       	adc	r30, r30
/home/jenkins-mingw32/workspace/avr-gcc-staging/label/Ubuntu14.04x64-mingw32/gcc-build/avr/avr5/libgcc/../../../../gcc/libgcc/config/avr/lib1funcs.S:1649
 c3a:	ff 1f       	adc	r31, r31
/home/jenkins-mingw32/workspace/avr-gcc-staging/label/Ubuntu14.04x64-mingw32/gcc-build/avr/avr5/libgcc/../../../../gcc/libgcc/config/avr/lib1funcs.S:1650
 c3c:	a2 17       	cp	r26, r18
/home/jenkins-mingw32/workspace/avr-gcc-staging/label/Ubuntu14.04x64-mingw32/gcc-build/avr/avr5/libgcc/../../../../gcc/libgcc/config/avr/lib1funcs.S:1651
 c3e:	b3 07       	cpc	r27, r19
/home/jenkins-mingw32/workspace/avr-gcc-staging/label/Ubuntu14.04x64-mingw32/gcc-build/avr/avr5/libgcc/../../../../gcc/libgcc/config/avr/lib1funcs.S:1652
 c40:	e4 07       	cpc	r30, r20
/home/jenkins-mingw32/workspace/avr-gcc-staging/label/Ubuntu14.04x64-mingw32/gcc-build/avr/avr5/libgcc/../../../../gcc/libgcc/config/avr/lib1funcs.S:1653
 c42:	f5 07       	cpc	r31, r21
/home/jenkins-mingw32/workspace/avr-gcc-staging/label/Ubuntu14.04x64-mingw32/gcc-build/avr/avr5/libgcc/../../../../gcc/libgcc/config/avr/lib1funcs.S:1654
 c44:	20 f0       	brcs	.+8      	; 0xc4e <__udivmodsi4_ep>
__udivmodsi4_loop():
/home/jenkins-mingw32/workspace/avr-gcc-staging/label/Ubuntu14.04x64-mingw32/gcc-build/avr/avr5/libgcc/../../../../gcc/libgcc/config/avr/lib1funcs.S:1655
 c46:	a2 1b       	sub	r26, r18
/home/jenkins-mingw32/workspace/avr-gcc-staging/label/Ubuntu14.04x64-mingw32/gcc-build/avr/avr5/libgcc/../../../../gcc/libgcc/config/avr/lib1funcs.S:1656
 c48:	b3 0b       	sbc	r27, r19
/home/jenkins-mingw32/workspace/avr-gcc-staging/label/Ubuntu14.04x64-mingw32/gcc-build/avr/avr5/libgcc/../../../../gcc/libgcc/config/avr/lib1funcs.S:1657
 c4a:	e4 0b       	sbc	r30, r20
/home/jenkins-mingw32/workspace/avr-gcc-staging/label/Ubuntu14.04x64-mingw32/gcc-build/avr/avr5/libgcc/../../../../gcc/libgcc/config/avr/lib1funcs.S:1658
 c4c:	f5 0b       	sbc	r31, r21

00000c4e <__udivmodsi4_ep>:
__udivmodsi4_ep():
/home/jenkins-mingw32/workspace/avr-gcc-staging/label/Ubuntu14.04x64-mingw32/gcc-build/avr/avr5/libgcc/../../../../gcc/libgcc/config/avr/lib1funcs.S:1660
 c4e:	66 1f       	adc	r22, r22
/home/jenkins-mingw32/workspace/avr-gcc-staging/label/Ubuntu14.04x64-mingw32/gcc-build/avr/avr5/libgcc/../../../../gcc/libgcc/config/avr/lib1funcs.S:1661
 c50:	77 1f       	adc	r23, r23
/home/jenkins-mingw32/workspace/avr-gcc-staging/label/Ubuntu14.04x64-mingw32/gcc-build/avr/avr5/libgcc/../../../../gcc/libgcc/config/avr/lib1funcs.S:1662
 c52:	88 1f       	adc	r24, r24
/home/jenkins-mingw32/workspace/avr-gcc-staging/label/Ubuntu14.04x64-mingw32/gcc-build/avr/avr5/libgcc/../../../../gcc/libgcc/config/avr/lib1funcs.S:1663
 c54:	99 1f       	adc	r25, r25
/home/jenkins-mingw32/workspace/avr-gcc-staging/label/Ubuntu14.04x64-mingw32/gcc-build/avr/avr5/libgcc/../../../../gcc/libgcc/config/avr/lib1funcs.S:1664
 c56:	1a 94       	dec	r1
/home/jenkins-mingw32/workspace/avr-gcc-staging/label/Ubuntu14.04x64-mingw32/gcc-build/avr/avr5/libgcc/../../../../gcc/libgcc/config/avr/lib1funcs.S:1665
 c58:	69 f7       	brne	.-38     	; 0xc34 <__udivmodsi4_loop>
/home/jenkins-mingw32/workspace/avr-gcc-staging/label/Ubuntu14.04x64-mingw32/gcc-build/avr/avr5/libgcc/../../../../gcc/libgcc/config/avr/lib1funcs.S:1667
 c5a:	60 95       	com	r22
/home/jenkins-mingw32/workspace/avr-gcc-staging/label/Ubuntu14.04x64-mingw32/gcc-build/avr/avr5/libgcc/../../../../gcc/libgcc/config/avr/lib1funcs.S:1668
 c5c:	70 95       	com	r23
/home/jenkins-mingw32/workspace/avr-gcc-staging/label/Ubuntu14.04x64-mingw32/gcc-build/avr/avr5/libgcc/../../../../gcc/libgcc/config/avr/lib1funcs.S:1669
 c5e:	80 95       	com	r24
/home/jenkins-mingw32/workspace/avr-gcc-staging/label/Ubuntu14.04x64-mingw32/gcc-build/avr/avr5/libgcc/../../../../gcc/libgcc/config/avr/lib1funcs.S:1670
 c60:	90 95       	com	r25
/home/jenkins-mingw32/workspace/avr-gcc-staging/label/Ubuntu14.04x64-mingw32/gcc-build/avr/avr5/libgcc/../../../../gcc/libgcc/config/avr/lib1funcs.S:1672
 c62:	9b 01       	movw	r18, r22
/home/jenkins-mingw32/workspace/avr-gcc-staging/label/Ubuntu14.04x64-mingw32/gcc-build/avr/avr5/libgcc/../../../../gcc/libgcc/config/avr/lib1funcs.S:1674
 c64:	ac 01       	movw	r20, r24
/home/jenkins-mingw32/workspace/avr-gcc-staging/label/Ubuntu14.04x64-mingw32/gcc-build/avr/avr5/libgcc/../../../../gcc/libgcc/config/avr/lib1funcs.S:1676
 c66:	bd 01       	movw	r22, r26
/home/jenkins-mingw32/workspace/avr-gcc-staging/label/Ubuntu14.04x64-mingw32/gcc-build/avr/avr5/libgcc/../../../../gcc/libgcc/config/avr/lib1funcs.S:1678
 c68:	cf 01       	movw	r24, r30
/home/jenkins-mingw32/workspace/avr-gcc-staging/label/Ubuntu14.04x64-mingw32/gcc-build/avr/avr5/libgcc/../../../../gcc/libgcc/config/avr/lib1funcs.S:1680
 c6a:	08 95       	ret

00000c6c <__divmodsi4>:
__divmodsi4():
/home/jenkins-mingw32/workspace/avr-gcc-staging/label/Ubuntu14.04x64-mingw32/gcc-build/avr/avr5/libgcc/../../../../gcc/libgcc/config/avr/lib1funcs.S:1686
 c6c:	05 2e       	mov	r0, r21
/home/jenkins-mingw32/workspace/avr-gcc-staging/label/Ubuntu14.04x64-mingw32/gcc-build/avr/avr5/libgcc/../../../../gcc/libgcc/config/avr/lib1funcs.S:1687
 c6e:	97 fb       	bst	r25, 7
/home/jenkins-mingw32/workspace/avr-gcc-staging/label/Ubuntu14.04x64-mingw32/gcc-build/avr/avr5/libgcc/../../../../gcc/libgcc/config/avr/lib1funcs.S:1688
 c70:	1e f4       	brtc	.+6      	; 0xc78 <__divmodsi4+0xc>
/home/jenkins-mingw32/workspace/avr-gcc-staging/label/Ubuntu14.04x64-mingw32/gcc-build/avr/avr5/libgcc/../../../../gcc/libgcc/config/avr/lib1funcs.S:1689
 c72:	00 94       	com	r0
/home/jenkins-mingw32/workspace/avr-gcc-staging/label/Ubuntu14.04x64-mingw32/gcc-build/avr/avr5/libgcc/../../../../gcc/libgcc/config/avr/lib1funcs.S:1690
 c74:	0e 94 4d 06 	call	0xc9a	; 0xc9a <__negsi2>
/home/jenkins-mingw32/workspace/avr-gcc-staging/label/Ubuntu14.04x64-mingw32/gcc-build/avr/avr5/libgcc/../../../../gcc/libgcc/config/avr/lib1funcs.S:1692
 c78:	57 fd       	sbrc	r21, 7
/home/jenkins-mingw32/workspace/avr-gcc-staging/label/Ubuntu14.04x64-mingw32/gcc-build/avr/avr5/libgcc/../../../../gcc/libgcc/config/avr/lib1funcs.S:1693
 c7a:	07 d0       	rcall	.+14     	; 0xc8a <__divmodsi4_neg2>
/home/jenkins-mingw32/workspace/avr-gcc-staging/label/Ubuntu14.04x64-mingw32/gcc-build/avr/avr5/libgcc/../../../../gcc/libgcc/config/avr/lib1funcs.S:1694
 c7c:	0e 94 14 06 	call	0xc28	; 0xc28 <__udivmodsi4>
/home/jenkins-mingw32/workspace/avr-gcc-staging/label/Ubuntu14.04x64-mingw32/gcc-build/avr/avr5/libgcc/../../../../gcc/libgcc/config/avr/lib1funcs.S:1695
 c80:	07 fc       	sbrc	r0, 7
/home/jenkins-mingw32/workspace/avr-gcc-staging/label/Ubuntu14.04x64-mingw32/gcc-build/avr/avr5/libgcc/../../../../gcc/libgcc/config/avr/lib1funcs.S:1696
 c82:	03 d0       	rcall	.+6      	; 0xc8a <__divmodsi4_neg2>
/home/jenkins-mingw32/workspace/avr-gcc-staging/label/Ubuntu14.04x64-mingw32/gcc-build/avr/avr5/libgcc/../../../../gcc/libgcc/config/avr/lib1funcs.S:1697
 c84:	4e f4       	brtc	.+18     	; 0xc98 <__divmodsi4_exit>
/home/jenkins-mingw32/workspace/avr-gcc-staging/label/Ubuntu14.04x64-mingw32/gcc-build/avr/avr5/libgcc/../../../../gcc/libgcc/config/avr/lib1funcs.S:1698
 c86:	0c 94 4d 06 	jmp	0xc9a	; 0xc9a <__negsi2>

00000c8a <__divmodsi4_neg2>:
/home/jenkins-mingw32/workspace/avr-gcc-staging/label/Ubuntu14.04x64-mingw32/gcc-build/avr/avr5/libgcc/../../../../gcc/libgcc/config/avr/lib1funcs.S:1701
 c8a:	50 95       	com	r21
/home/jenkins-mingw32/workspace/avr-gcc-staging/label/Ubuntu14.04x64-mingw32/gcc-build/avr/avr5/libgcc/../../../../gcc/libgcc/config/avr/lib1funcs.S:1702
 c8c:	40 95       	com	r20
/home/jenkins-mingw32/workspace/avr-gcc-staging/label/Ubuntu14.04x64-mingw32/gcc-build/avr/avr5/libgcc/../../../../gcc/libgcc/config/avr/lib1funcs.S:1703
 c8e:	30 95       	com	r19
/home/jenkins-mingw32/workspace/avr-gcc-staging/label/Ubuntu14.04x64-mingw32/gcc-build/avr/avr5/libgcc/../../../../gcc/libgcc/config/avr/lib1funcs.S:1704
 c90:	21 95       	neg	r18
/home/jenkins-mingw32/workspace/avr-gcc-staging/label/Ubuntu14.04x64-mingw32/gcc-build/avr/avr5/libgcc/../../../../gcc/libgcc/config/avr/lib1funcs.S:1705
 c92:	3f 4f       	sbci	r19, 0xFF	; 255
/home/jenkins-mingw32/workspace/avr-gcc-staging/label/Ubuntu14.04x64-mingw32/gcc-build/avr/avr5/libgcc/../../../../gcc/libgcc/config/avr/lib1funcs.S:1706
 c94:	4f 4f       	sbci	r20, 0xFF	; 255
/home/jenkins-mingw32/workspace/avr-gcc-staging/label/Ubuntu14.04x64-mingw32/gcc-build/avr/avr5/libgcc/../../../../gcc/libgcc/config/avr/lib1funcs.S:1707
 c96:	5f 4f       	sbci	r21, 0xFF	; 255

00000c98 <__divmodsi4_exit>:
/home/jenkins-mingw32/workspace/avr-gcc-staging/label/Ubuntu14.04x64-mingw32/gcc-build/avr/avr5/libgcc/../../../../gcc/libgcc/config/avr/lib1funcs.S:1709
 c98:	08 95       	ret

00000c9a <__negsi2>:
__negsi2():
/home/jenkins-mingw32/workspace/avr-gcc-staging/label/Ubuntu14.04x64-mingw32/gcc-build/avr/avr5/libgcc/../../../../gcc/libgcc/config/avr/lib1funcs.S:1718
 c9a:	90 95       	com	r25
 c9c:	80 95       	com	r24
 c9e:	70 95       	com	r23
 ca0:	61 95       	neg	r22
 ca2:	7f 4f       	sbci	r23, 0xFF	; 255
 ca4:	8f 4f       	sbci	r24, 0xFF	; 255
 ca6:	9f 4f       	sbci	r25, 0xFF	; 255
/home/jenkins-mingw32/workspace/avr-gcc-staging/label/Ubuntu14.04x64-mingw32/gcc-build/avr/avr5/libgcc/../../../../gcc/libgcc/config/avr/lib1funcs.S:1719
 ca8:	08 95       	ret

00000caa <_exit>:
exit():
/home/jenkins-mingw32/workspace/avr-gcc-staging/label/Ubuntu14.04x64-mingw32/gcc-build/avr/avr5/libgcc/../../../../gcc/libgcc/config/avr/lib1funcs.S:2278
 caa:	f8 94       	cli

00000cac <__stop_program>:
__stop_program():
/home/jenkins-mingw32/workspace/avr-gcc-staging/label/Ubuntu14.04x64-mingw32/gcc-build/avr/avr5/libgcc/../../../../gcc/libgcc/config/avr/lib1funcs.S:2280
 cac:	ff cf       	rjmp	.-2      	; 0xcac <__stop_program>
